prefecture,city,count,mean_days,p25_days_approx,median_days_approx,p75_days_approx,ended_within_7d_rate,ended_within_14d_rate,ended_within_30d_rate
東京都,世田谷区,215626,52.53528795228776,6,23,57,0.280634060827544,0.39753554766122823,0.5753897952937029
東京都,港区,211653,39.245189059451086,5,16,46,0.3728697443456979,0.4801680108479445,0.6476827637689992
栃木県,宇都宮市,190765,34.10777134170314,3,12,33,0.3932115429979294,0.552302571226378,0.7296097292480277
東京都,江東区,182587,31.66459276947428,5,11,31,0.43655353338408537,0.5790773713353087,0.7452283021244667
東京都,杉並区,161539,48.289942366858774,5,20,52,0.32018274224800203,0.44005472362711173,0.6131027182290345
東京都,新宿区,160727,43.74285589851114,5,18,46,0.32479297193377593,0.4518966943948434,0.6396871714148836
東京都,足立区,157803,44.29708560673751,6,17,48,0.328067273752717,0.4707451696102102,0.6391450099174287
東京都,品川区,153507,42.51023080380699,6,20,50,0.30228588924283584,0.4239220361286456,0.6092946901444234
東京都,大田区,149137,51.37619772424013,10,27,61,0.21894633793089574,0.3385813044382011,0.5341263402106787
東京都,墨田区,147255,35.748884587959665,6,13,39,0.35388951139180336,0.5241248174934637,0.6975043292248141
東京都,中央区,145907,25.596119445948446,4,7,23,0.5334905110789749,0.6575489866832983,0.8027579211415491
東京都,練馬区,138304,47.855644088385006,6,21,53,0.28145245256825546,0.4110004049051365,0.5950659416936603
東京都,台東区,135873,40.45063404797127,6,15,45,0.34787632568648663,0.4834735377889647,0.6608818529067585
東京都,板橋区,126188,47.967469172979996,6,21,52,0.2697562367261546,0.4073525216343868,0.5988445811012141
東京都,中野区,112035,46.48408979336814,6,20,50,0.30379792029276564,0.4350069174811443,0.6174856071763288
千葉県,船橋市,110721,49.003648810975335,8,23,54,0.24661085069679645,0.3953540882036831,0.5839903902602036
東京都,豊島区,110306,45.30333798705419,6,20,50,0.2834116004569108,0.4209925117400685,0.613130745381031
東京都,渋谷区,108164,51.397618431271034,6,22,55,0.29009652009910875,0.40789911615694685,0.5862579046632891
東京都,葛飾区,107743,48.92300195836388,7,23,56,0.2507726720065341,0.40475019258791756,0.582682865708213
東京都,八王子市,107218,66.3349717398198,11,32,74,0.1938014139416889,0.3067208864183253,0.48988975731686846
東京都,文京区,104030,39.54239161780256,5,13,39,0.38515812746323175,0.5236181870614246,0.6933480726713448
東京都,江戸川区,101364,51.473047630322405,9,25,56,0.23007182037015114,0.3704964287123634,0.5659208397458664
千葉県,市川市,100271,47.715560830150295,6,21,51,0.2705168992031594,0.41017841649130854,0.6010012865135483
東京都,北区,96250,44.33772467532467,6,21,52,0.26965194805194803,0.40352207792207795,0.5942857142857143
福岡県,福岡市博多区,92069,35.24041751295224,3,15,42,0.38060584996035585,0.4943249084925436,0.6706709098610825
東京都,目黒区,89098,48.88612539001998,6,24,56,0.27585355451300814,0.38712429010752203,0.5702933848122292
千葉県,松戸市,84382,51.74123628261952,9,24,56,0.21551989760849471,0.3708373823801285,0.5673366357754024
埼玉県,川口市,82219,53.006154295235895,6,20,50,0.29601430326323597,0.42651941765285395,0.612899694717766
千葉県,柏市,79404,50.15270011586318,9,25,57,0.21335197219283664,0.3642889526975971,0.5639136567427334
福岡県,福岡市中央区,69424,49.17371514173773,7,24,57,0.26008296842590456,0.3801711223784282,0.5684345471306753
神奈川県,川崎市多摩区,66818,58.64816366847257,9,28,66,0.2149271154479332,0.3354485318327397,0.52659463018947
千葉県,千葉市中央区,62564,71.71258231570872,11,30,69,0.19742983185218335,0.3212390512115594,0.5078479636851864
東京都,荒川区,62158,40.317497345474436,6,17,47,0.3069114192863348,0.4662312172206313,0.6433122043823803
大阪府,吹田市,61681,71.21547964527164,15,38,83,0.14031873672605827,0.24506736272109725,0.4353042265851721
神奈川県,横浜市港北区,58342,51.58302766446128,8,24,57,0.2433409893387268,0.37830379486476295,0.5701381509032943
神奈川県,藤沢市,56988,43.240524320909664,6,21,51,0.27718116094616413,0.4098406682108514,0.6072506492594932
埼玉県,さいたま市大宮区,54178,21.974916017571708,0,2,22,0.619070471409059,0.6974048506773968,0.7968917272693713
東京都,千代田区,52921,47.46463596681846,5,16,48,0.3467432588197502,0.47593582887700536,0.639160257742673
東京都,府中市,51618,56.834670076329964,2,20,57,0.34435661978379634,0.4433918400557945,0.5982990429695068
東京都,町田市,50667,64.00144077999487,8,27,65,0.23314978190932956,0.3516490023091953,0.5356346339826712
東京都,調布市,48919,52.4285860299679,5,21,54,0.3079376111531307,0.42096118072732475,0.5958012224289131
神奈川県,川崎市中原区,48894,48.32539779932098,7,22,54,0.2655745081196057,0.4007444676238393,0.5928130240929358
福岡県,福岡市東区,48005,44.57087803353817,2,17,47,0.3683991250911363,0.4689928132486199,0.6398708467867931
東京都,日野市,46785,59.378198140429625,9,29,69,0.21962167361333762,0.3385273057603933,0.5160628406540558
神奈川県,相模原市南区,45129,67.59478384187551,9,28,67,0.21618028318819385,0.3329123180216712,0.5257594894635379
大阪府,大阪市北区,44737,53.185104052573934,10,28,63,0.21148043006907036,0.32664237655631806,0.5236157990030623
神奈川県,川崎市川崎区,44294,46.66428861696844,7,22,54,0.25599403982480695,0.39682575518128865,0.5874159028310832
兵庫県,姫路市,43674,101.85584100380089,11,36,90,0.20765215002060722,0.2967440582497596,0.45171039978018956
埼玉県,所沢市,43493,69.28852918860507,10,28,66,0.2069068585749431,0.3360080932563861,0.5209573954429448
神奈川県,横浜市神奈川区,42738,54.903013711451166,8,25,61,0.23363283260798354,0.3663250503065188,0.5566240816135524
神奈川県,横浜市鶴見区,42395,48.84481660573181,8,23,56,0.24448637811062626,0.38219129614341313,0.5771199433895506
千葉県,流山市,40655,42.7184356167753,8,23,52,0.23185340056573608,0.38629934817365635,0.5851924732505227
神奈川県,相模原市中央区,40158,60.124831913939936,9,26,62,0.21960755017680164,0.34702923452363166,0.5440260969171772
埼玉県,川越市,39801,58.89422376322203,8,26,61,0.24665209416848824,0.36800582899927137,0.55310168086229
埼玉県,さいたま市北区,38908,22.39074226380179,0,5,22,0.5900328981186388,0.6909632980363936,0.8006836640279634
福岡県,福岡市南区,38650,48.427347994825354,4,22,57,0.3190685640362225,0.420595084087969,0.5897542043984476
兵庫県,尼崎市,37845,72.46489628748844,13,38,83,0.17920465054828907,0.267908574448408,0.4329501915708812
東京都,三鷹市,37679,45.14559834390509,0,12,45,0.4441466068632395,0.5329493882534038,0.67026725762361
神奈川県,大和市,37638,42.838939369785855,5,19,47,0.3074020936287794,0.4380413411977257,0.6325787767681599
東京都,立川市,37238,51.253182233202644,7,23,57,0.2604597454213438,0.38863526505182877,0.5735001879800204
埼玉県,越谷市,36801,48.121545610173634,7,21,53,0.2595853373549632,0.41949947012309446,0.6006086791119807
神奈川県,川崎市高津区,36508,52.98945436616632,7,23,56,0.25498520872137614,0.38753149994521746,0.5780102991125233
大阪府,茨木市,36469,343.7607282897804,18,52,148,0.13606076393649402,0.21185116126024844,0.35630261317831585
大阪府,東大阪市,36113,88.49043280813004,20,48,104,0.12424888544291529,0.19887575111455708,0.3610611137263589
埼玉県,さいたま市南区,35112,27.254927090453407,0,6,23,0.5404135338345865,0.6838687628161313,0.7912964228753703
大阪府,大阪市中央区,34975,56.88900643316655,10,27,62,0.19322373123659756,0.34178699070764834,0.5365832737669765
栃木県,小山市,34027,63.04546389631763,4,14,43,0.3598025097716519,0.5142974696564493,0.6675875040409087
兵庫県,神戸市中央区,33688,73.33133459985751,10,35,80,0.22313583471859416,0.3025409641415341,0.4552066017573023
埼玉県,草加市,33457,53.522790447439995,6,20,51,0.29826344262785065,0.4349762381564396,0.611411662731267
神奈川県,厚木市,32860,75.84713937918441,14,36,78,0.14689592209373098,0.25772976262933656,0.45015216068167985
神奈川県,横浜市青葉区,32616,57.79467132695609,8,25,61,0.24025018395879322,0.3674270296786853,0.5577324012754477
大阪府,大阪市東淀川区,32134,41.67632414265264,11,23,48,0.188336341569677,0.4002302856787204,0.6214912553681459
神奈川県,横浜市南区,30553,60.106830753117535,9,27,64,0.21997839819330345,0.35076751873793083,0.5411252577488299
大阪府,大阪市福島区,30311,54.19144864900531,12,32,66,0.18085843423179704,0.2844181980139223,0.4826300682920392
神奈川県,川崎市宮前区,30153,45.02142407057341,7,23,55,0.26113487878486386,0.3921997811163068,0.5832255496965476
東京都,武蔵野市,28984,51.323695832183276,5,20,56,0.32252277118410155,0.4321694728125863,0.6001587082528291
埼玉県,さいたま市浦和区,28871,30.061134009906134,4,8,27,0.4758754459492224,0.6278618683107616,0.7690069620033944
埼玉県,さいたま市見沼区,28756,27.227291695646127,0,6,26,0.563012936430658,0.6628529698149951,0.7745166226178885
神奈川県,川崎市麻生区,28570,59.51172558627931,9,27,66,0.21949597479873995,0.34200210010500526,0.5291214560728036
福岡県,福岡市早良区,28360,42.00126939351199,3,17,48,0.34330042313117065,0.4631523272214386,0.6405148095909732
大阪府,大阪市西区,28328,59.650416548997455,11,29,63,0.18882377859361762,0.3145650946060435,0.5189918102231008
福岡県,久留米市,27921,121.72329071308334,19,55,139,0.14476558862504924,0.21202678987142295,0.3486981125317861
大阪府,豊中市,27847,61.67673357991884,12,34,74,0.18396954788666642,0.28846913491578985,0.46805760045965455
大阪府,大阪市淀川区,27776,56.020089285714285,7,25,57,0.2555443548387097,0.3693476382488479,0.5686923963133641
大阪府,大阪市都島区,27341,62.878424344391206,13,35,78,0.15463955232069054,0.270728941882155,0.4563841849237409
神奈川県,川崎市幸区,26869,49.909375116305036,7,21,53,0.2664036622129592,0.40641631620082624,0.6027019985857308
千葉県,千葉市花見川区,26819,70.01894179499608,10,29,69,0.21954584436407024,0.33953540400462356,0.5140012677579328
東京都,小金井市,26674,51.7788483167129,4,19,52,0.33617005323536026,0.4474394541501087,0.6095448751593312
埼玉県,さいたま市中央区,26571,26.478341048511535,3,7,25,0.5138308682398103,0.6546987316999736,0.7862331112867412
大阪府,堺市堺区,26563,66.66483454429093,17,41,82,0.07984790874524715,0.21243835410156986,0.40748409441704625
兵庫県,西宮市,26334,82.47376015797069,16,45,108,0.15990734411787044,0.24025974025974026,0.3870281765018607
広島県,福山市,25794,95.32243932697527,19,56,135,0.159804605722261,0.21640691633713266,0.33554314956966735
東京都,多摩市,25667,75.12381657381073,12,34,80,0.18295866287450813,0.2900611680367787,0.4689679354813574
大阪府,堺市北区,25581,65.05394628826082,16,39,80,0.08232672686759704,0.21863883350924515,0.42003830968296785
埼玉県,さいたま市西区,25578,23.33290327625303,0,3,22,0.6249902259754476,0.7063492063492064,0.7952146375791695
神奈川県,横浜市都筑区,25235,49.274341192787794,8,23,56,0.2408955815335843,0.3779274816722806,0.57963146423618
東京都,小平市,25175,62.41167825223436,8,27,66,0.23872889771598807,0.35578947368421054,0.53974180734856
和歌山県,和歌山市,25080,95.78221690590112,25,55,114,0.07228867623604465,0.1686602870813397,0.32567783094098884
大阪府,大阪市城東区,25052,58.76664537761456,10,29,68,0.2054925754430784,0.3382564266326042,0.5107775826281334
神奈川県,横浜市中区,24665,54.63097506588283,8,23,58,0.24524630042570444,0.3804581390634502,0.5748226231502128
東京都,国分寺市,24608,58.13422464239272,6,21,59,0.3088832899869961,0.4265279583875163,0.5890360858257477
大阪府,大阪市浪速区,24289,87.69887603441887,12,33,75,0.17230021820577215,0.3120754250895467,0.4861871629132529
東京都,西東京市,23614,53.98242567968155,8,26,60,0.2371051071398323,0.36190395528076563,0.5528500042347759
福岡県,福岡市西区,23424,33.521729849726775,3,15,41,0.366547131147541,0.4910775273224044,0.6744791666666666
埼玉県,さいたま市桜区,22974,30.116000696439453,3,7,24,0.5328632367023591,0.6707582484547749,0.7830591102985984
大阪府,高槻市,22906,189.42901423207894,16,49,125,0.16087487994411945,0.2363136296166943,0.37313367676591286
千葉県,習志野市,21713,53.083268088242065,9,25,57,0.22106572099663796,0.37332473633307234,0.5631188688803942
神奈川県,横浜市西区,21561,53.728862297667085,8,24,57,0.23718751449376188,0.37530726775195955,0.5718194888919809
愛知県,名古屋市中区,21286,90.46951047636945,18,42,85,0.10354223433242507,0.20647373860753546,0.400169125246641
大阪府,大阪市住吉区,21110,68.84225485551872,17,41,80,0.10317385125532923,0.21544291804831833,0.4052581714827096
東京都,稲城市,20914,45.48010901788276,2,18,50,0.35215645022472986,0.458448885913742,0.6224060437984126
埼玉県,上尾市,20132,36.686320286111666,2,10,38,0.45425193721438506,0.5564275779852971,0.7009239022451818
埼玉県,戸田市,19918,42.6532784416106,3,14,42,0.38317100110452856,0.5045687318003815,0.6731599558188573
東京都,国立市,19797,55.996161034500176,6,24,62,0.27519321109258976,0.3920796080214174,0.5655907460726373
神奈川県,海老名市,19696,49.06412469536962,10,27,58,0.1951157595450853,0.32844232331437856,0.5383326563769293
大阪府,大阪市生野区,19433,65.48206658776309,16,39,79,0.1273606751402254,0.23254258220552668,0.42201409972726805
神奈川県,横浜市戸塚区,19420,49.481101956745626,8,23,57,0.2481977342945417,0.3738928939237899,0.5745108135942327
神奈川県,平塚市,19412,66.29662064702246,12,32,70,0.18416443437049249,0.29373583350504845,0.48732742633422627
千葉県,浦安市,19302,57.940058025075125,8,23,56,0.24950782302352087,0.3836390011397783,0.5813387213760232
長野県,長野市,19151,110.05926583468226,19,47,103,0.10725288496684246,0.19419351469897134,0.3669782256801211
千葉県,千葉市稲毛区,19086,61.88761395787488,10,28,65,0.20606727444199938,0.32589332495022527,0.5219008697474589
神奈川県,相模原市緑区,19030,58.35176037834997,9,27,61,0.22212296374146084,0.3471361008933263,0.535522858644246
北海道,札幌市中央区,18750,61.68170666666666,10,31,70,0.22090666666666667,0.30938666666666664,0.49546666666666667
大阪府,大阪市東住吉区,18690,71.17565543071161,19,44,89,0.09695024077046549,0.1996789727126806,0.3830390583199572
神奈川県,横浜市保土ケ谷区,18502,71.61344719489784,12,34,80,0.18592584585450223,0.29472489460598855,0.4766511728461788
神奈川県,横浜市旭区,18070,53.47470946319867,5,21,58,0.31361372440509133,0.4196458218040952,0.5882125069175429
埼玉県,八潮市,18005,40.20799777839489,7,21,46,0.2540405442932519,0.41116356567620105,0.6192168841988337
新潟県,新潟市中央区,17750,97.1907042253521,16,45,107,0.1444507042253521,0.2392112676056338,0.3963943661971831
兵庫県,明石市,17637,46.611101661280266,2,20,49,0.3476214775755514,0.4514940182570732,0.6115552531609684
埼玉県,朝霞市,17599,61.46616285016194,8,27,65,0.24660492073413262,0.35672481390988126,0.5364509347121995
神奈川県,座間市,17345,52.92262899971173,6,21,55,0.2889593542807726,0.40380513116171807,0.592850965696166
千葉県,市原市,17340,86.72254901960784,10,29,66,0.21043829296424452,0.32001153402537486,0.5134948096885813
東京都,東村山市,16780,72.54660309892729,10,29,73,0.21495828367103695,0.332777115613826,0.5102502979737783
神奈川県,茅ヶ崎市,16744,51.4229574773053,7,23,56,0.25627090301003347,0.3871834687052078,0.5786550406115624
福岡県,福岡市城南区,16724,44.50908873475245,0,14,48,0.41407558000478356,0.5047835446065535,0.6530136331021287
兵庫県,神戸市兵庫区,16375,71.65581679389312,13,38,83,0.16818320610687024,0.27187786259541985,0.42247328244274807
北海道,札幌市豊平区,16266,505.0450018443379,20,63,366,0.11705397762203369,0.2101930406983893,0.33523914914545677
埼玉県,さいたま市緑区,15915,44.3306314797361,5,10,37,0.3972353125981778,0.5597235312598178,0.7095193213949105
埼玉県,春日部市,15862,75.12457445467155,6,27,70,0.26692724750977176,0.37290379523389233,0.5316479636867987
大阪府,大阪市平野区,15752,68.83303707465718,15,37,78,0.14271203656678516,0.2457465718638903,0.43010411376333163
埼玉県,狭山市,15727,70.19908437718573,11,32,72,0.19221720607871812,0.3067336427799326,0.4894766961276785
東京都,狛江市,15266,52.95106773221538,2,20,57,0.35569238831390015,0.4481855102842919,0.5989126162714529
埼玉県,三郷市,15242,76.01489305865373,8,21,51,0.2475396929536806,0.3983729169400341,0.602020732187377
大阪府,大阪市旭区,15143,70.97081159611702,14,38,82,0.1531400647163706,0.2608465957868322,0.43300534900614146
千葉県,八千代市,14946,58.4233239662786,10,26,58,0.21176234443998393,0.34510905928007496,0.5494446674695571
愛知県,名古屋市中村区,14866,69.15787703484462,18,42,86,0.1127404816359478,0.2137764025292614,0.393313601506794
岡山県,岡山市北区,14793,74.67437301426351,6,28,68,0.27181775163928884,0.35956195497870613,0.5224092476171162
埼玉県,新座市,14793,67.40715203136618,9,28,68,0.22132089501791388,0.33732170621239776,0.5209896572703305
大阪府,枚方市,14657,105.06699870369107,18,47,109,0.11926042164153647,0.20768233608514702,0.37101726137681657
神奈川県,横浜市緑区,14644,48.19864791040699,7,23,57,0.2669352635891833,0.390057361376673,0.5758672493854138
埼玉県,蕨市,14523,48.32796254217448,6,20,49,0.3121255938855608,0.43758176685257866,0.6225297803484129
宮城県,仙台市青葉区,14342,90.77339283224097,14,40,94,0.171803095802538,0.2565193139032213,0.4216287825965695
大阪府,大阪市阿倍野区,14242,70.20502738379442,20,45,87,0.09275382670973178,0.1955483780367926,0.3709450919814633
(missing),(missing),14160,107.36617231638418,21,54,121,0.11574858757062147,0.18848870056497175,0.3402542372881356
愛知県,豊橋市,14145,149.52689996465182,27,73,164,0.0688582537999293,0.12435489572287027,0.26984800282785437
東京都,昭島市,14031,51.45335328914546,8,24,58,0.23533604162212243,0.36661677713634094,0.5688119164706721
大阪府,堺市西区,13714,72.27103689660201,18,43,85,0.08349132273589033,0.20963978416217005,0.38639346653055273
福島県,郡山市,13679,90.03187367497624,16,46,106,0.14123839461948973,0.22837926749031362,0.3827765187513707
埼玉県,富士見市,13459,77.37461921390891,7,26,72,0.255442454862917,0.3780370012630953,0.5429823909651534
大阪府,大阪市西淀川区,13259,59.907232822988156,12,32,66,0.17972697790180256,0.27407798476506523,0.47394222792065765
兵庫県,加古川市,13236,91.38070414022363,11,38,93,0.20822000604412208,0.289966757328498,0.4431852523420973
神奈川県,横浜市磯子区,13181,62.051817009331614,10,29,70,0.20817843866171004,0.32281314012593887,0.5132387527501707
兵庫県,神戸市東灘区,13022,77.47342958070956,11,37,90,0.21087390569804945,0.30801720165873137,0.44985409307326063
神奈川県,鎌倉市,12886,45.77099177401831,7,24,57,0.25345336023591497,0.37490299549899114,0.5695328263231414
静岡県,富士市,12754,118.12866551670064,27,66,150,0.08256233338560452,0.14756154931786106,0.28171554022267525
大阪府,堺市中区,12658,64.46350134302418,16,38,75,0.09243166376994785,0.23250118502133038,0.43182177279191025
兵庫県,伊丹市,12594,56.78569159917421,8,26,64,0.2401143401619819,0.3674765761473718,0.537081149753851
兵庫県,神戸市灘区,12272,79.10984354628422,9,34,82,0.23688070404172099,0.3257007822685789,0.46830182529335074
神奈川県,横浜市泉区,12241,42.036353239114455,0,16,52,0.3905726656318928,0.48264030716444734,0.6291152683604281
神奈川県,横浜市港南区,12076,60.94758198078834,9,29,73,0.22027161311692614,0.33371977475985426,0.5161477310367671
千葉県,千葉市若葉区,11913,68.25602283220012,12,32,73,0.17417946780827667,0.2944682279862335,0.4871988583899941
神奈川県,伊勢原市,11799,70.69751673870667,15,37,79,0.13162132384100347,0.23942707009068565,0.43105347910839903
大阪府,摂津市,11798,70.85828106458722,13,36,79,0.1889303271740973,0.2723342939481268,0.45177148669265976
神奈川県,小田原市,11666,70.781244642551,14,37,81,0.15883764786559232,0.2541573804217384,0.42688153608777646
埼玉県,入間市,11624,70.66405712319339,11,29,66,0.18229525120440468,0.3228664831383345,0.5190984170681349
千葉県,鎌ケ谷市,11467,59.369669486352144,9,26,58,0.2106043428970088,0.3524897532048487,0.5529781111014215
埼玉県,和光市,11383,54.43398049723272,6,22,56,0.2837564789598524,0.3992796275147149,0.5847316173240797
神奈川県,横浜市瀬谷区,11301,51.841960888416956,6,25,59,0.29041677727634724,0.38686841872400674,0.5541102557295815
埼玉県,ふじみ野市,11199,74.5485311188499,8,27,71,0.24609340119653542,0.3613715510313421,0.5306723814626306
長野県,松本市,11033,100.06272092812472,20,49,113,0.10087918063989848,0.18580621771050485,0.3588325931297018
東京都,東大和市,10941,76.06105474819486,11,34,84,0.19193857965451055,0.29750479846449135,0.47353989580477107
兵庫県,神戸市西区,10505,45.267110899571634,4,21,54,0.3148024750118991,0.42570204664445505,0.5896239885768682
千葉県,千葉市緑区,10410,63.345148895292986,12,32,74,0.1818443804034582,0.29596541786743513,0.487223823246878
神奈川県,横浜市金沢区,10315,77.74454677653902,10,31,74,0.20882210373242852,0.3141056713523994,0.49694619486185165
埼玉県,さいたま市岩槻区,10308,33.06916957702755,0,6,28,0.5454016298020955,0.6377570818781529,0.7670741171905316
大阪府,大阪市東成区,10176,59.73064072327044,13,34,71,0.1633254716981132,0.28115172955974843,0.46639150943396224
大阪府,箕面市,10125,119.92513580246914,15,46,107,0.15891358024691357,0.2414814814814815,0.3874567901234568
大阪府,大阪市西成区,10000,60.6977,15,36,74,0.1391,0.2429,0.4421
千葉県,我孫子市,9980,57.43056112224449,12,29,62,0.1755511022044088,0.3217434869739479,0.5196392785571142
北海道,札幌市白石区,9900,236.33858585858587,20,51,148,0.1005050505050505,0.2084848484848485,0.3614141414141414
埼玉県,吉川市,9865,44.88697415103903,9,24,53,0.2183476938672073,0.34718702483527625,0.5776989356310187
東京都,東久留米市,9792,59.62489787581699,8,26,66,0.23713235294117646,0.3639705882352941,0.5485089869281046
兵庫県,神戸市長田区,9790,70.93319713993871,15,38,62,0.17752808988764046,0.2485188968335036,0.4072522982635342
香川県,高松市,9741,116.32748177805153,20,53,143,0.1377681962837491,0.2006980802792321,0.3378503233754235
大阪府,大阪市鶴見区,9630,60.76095534787124,13,34,74,0.16043613707165108,0.281723779854621,0.46947040498442366
大阪府,大阪市住之江区,9518,68.96879596553897,16,38,78,0.12544652237865098,0.23135112418575332,0.42141206135742804
大阪府,大阪市天王寺区,9467,69.98183162564699,14,41,89,0.14143868173655857,0.2512939685222351,0.41797824020280977
埼玉県,鴻巣市,9435,52.39120296767356,0,7,46,0.5014308426073132,0.5671436142024378,0.6766295707472179
神奈川県,横須賀市,9249,114.28662558114391,12,40,102,0.19342631635852525,0.2845713050059466,0.4377770569791329
大阪府,八尾市,9229,75.96641022862715,16,40,90,0.15429624011268828,0.23794560624119623,0.4216058077798245
宮城県,仙台市宮城野区,9152,63.51781031468531,10,30,69,0.20815122377622378,0.317854020979021,0.5056818181818182
静岡県,沼津市,9138,96.18931932589189,8,42,108,0.24830378638651784,0.30247318888159336,0.4241628365068943
岡山県,倉敷市,9109,118.1443627181908,23,60,145,0.11098913162806016,0.17905368317049072,0.31123065100450104
千葉県,野田市,9063,56.10526315789474,12,30,64,0.16418404501820588,0.29460443561734523,0.502151605428666
茨城県,古河市,8991,43.054276498720945,4,13,45,0.3698142587031476,0.5185185185185185,0.6612167723278835
東京都,青梅市,8931,73.49020266487516,11,31,74,0.19919381928115554,0.31385063262792523,0.4971447766207592
埼玉県,熊谷市,8791,117.4996018655443,10,36,85,0.2182914344215675,0.3026959390285519,0.4595609145717211
栃木県,栃木市,8758,55.93137702671843,2,12,34,0.41664763644667735,0.5633706325645125,0.7229961178351222
新潟県,長岡市,8605,98.11528181289948,23,57,120,0.0895990703079605,0.168506682161534,0.3180708890180128
兵庫県,神戸市須磨区,8601,77.99221020811534,21,43,76,0.10835949308219975,0.18521102197418904,0.3640274386699221
愛知県,豊田市,8536,67.25960637300844,16,39,85,0.13823805060918462,0.2345360824742268,0.41705716963448924
埼玉県,志木市,8532,56.58825597749648,9,28,65,0.23042662916080636,0.3472808251289264,0.5288326300984529
埼玉県,坂戸市,8504,99.2826904985889,13,36,90,0.16110065851364064,0.2714016933207902,0.4486124176857949
新潟県,上越市,8486,159.76797077539476,23,59,136,0.0979259957577186,0.17358001414093802,0.32241338675465475
愛知県,岡崎市,8416,63.37999049429658,14,37,77,0.14199144486692014,0.251782319391635,0.4375
大阪府,池田市,8404,67.04569252736792,10,33,71,0.20894811994288434,0.3153260352213232,0.477986673012851
滋賀県,大津市,8349,61.937836866690624,9,27,60,0.23176428314768235,0.35872559587974606,0.5400646784045994
新潟県,新潟市西区,8301,100.57848451993736,16,45,104,0.140946873870618,0.23358631490181905,0.39296470304782555
埼玉県,東松山市,8285,83.8195534097767,13,36,86,0.16934218467109233,0.2707302353651177,0.4459867229933615
福岡県,北九州市小倉北区,8245,89.3265009096422,0,14,106,0.4572468162522741,0.5012734990903578,0.5723468768950879
兵庫県,神戸市垂水区,8220,83.42822384428224,14,38,88,0.16131386861313868,0.2563260340632603,0.43929440389294405
北海道,札幌市東区,8212,81.01059425231368,13,36,86,0.1763273258645884,0.2893326838772528,0.4514125669751583
東京都,清瀬市,8154,54.97301937699289,7,24,58,0.2512877115526122,0.38177581555065,0.5689232278636253
北海道,札幌市北区,8130,99.70750307503074,14,40,88,0.12177121771217712,0.25387453874538746,0.4230012300123001
栃木県,下野市,8077,41.570385043951966,6,20,49,0.29404481862077503,0.43023399777144977,0.619041723412158
大阪府,堺市東区,8033,66.82683928793726,16,37,76,0.07506535540893813,0.21984314701854848,0.43893937507780406
大阪府,寝屋川市,7968,112.63403614457832,22,54,121,0.10780622489959839,0.1800953815261044,0.3348393574297189
新潟県,新潟市東区,7912,96.14648634984833,19,47,107,0.11905965621840242,0.20791203235591507,0.3710819009100101
愛知県,名古屋市西区,7899,90.52677554120775,20,46,98,0.10051905304468921,0.18939106215976706,0.3668818837827573
秋田県,秋田市,7838,113.51479969379943,21,55,127,0.11189078846644553,0.1913753508548099,0.3417963766266905
青森県,八戸市,7644,94.17032967032966,27,61,124,0.07940868655154369,0.14298796441653586,0.28623757195185767
大阪府,守口市,7521,120.33399813854541,20,49,122,0.10916101582236405,0.19465496609493418,0.3510171519744715
福岡県,春日市,7492,61.138547784303256,6,25,67,0.2824345969033636,0.3834757074212493,0.5620662039508809
群馬県,前橋市,7414,176.53034799028865,38,79,198,0.04437550579983814,0.09428108983005125,0.20582681413541948
宮城県,仙台市太白区,7270,94.27015130674003,10,35,84,0.21953232462173314,0.30674002751031637,0.4643741403026135
兵庫県,宝塚市,7178,79.97938144329896,16,44,97,0.12524380050153247,0.23084424630816383,0.39063806074115354
神奈川県,横浜市栄区,7097,52.65943356347753,7,26,58,0.2515147245314922,0.35775679864731574,0.5538960123996055
栃木県,真岡市,7077,48.86802317366116,8,28,61,0.22792143563656916,0.33827893175074186,0.5229617069379681
福岡県,大野城市,7059,48.9356849412098,5,23,56,0.2911177220569486,0.4017566227510979,0.5796855078623034
愛媛県,松山市,7029,176.6312419974392,40,105,222,0.06089059610186371,0.1096884336320956,0.20145113102859583
大阪府,和泉市,6931,76.5619679699899,16,39,81,0.08036358389842735,0.22882700908959747,0.42403693550714183
大阪府,泉佐野市,6738,86.57554170376966,19,45,104,0.07479964381121995,0.21475215197387948,0.3774116948649451
東京都,福生市,6728,62.536266349583826,10,29,70,0.20169441141498218,0.33026159334126043,0.5123365041617123
栃木県,鹿沼市,6579,40.78492172062624,6,19,43,0.280437756497948,0.43000455996352027,0.6390028879768962
大阪府,松原市,6503,67.35998769798555,16,37,79,0.09195755805013071,0.22989389512532676,0.45194525603567587
福岡県,北九州市八幡西区,6309,87.46251386907592,0,21,94,0.43033761293390393,0.4593437945791726,0.5536535108575051
愛知県,名古屋市東区,6180,117.6715210355987,15,39,85,0.1441747572815534,0.24611650485436892,0.4224919093851133
神奈川県,秦野市,6178,93.14114600194237,15,40,86,0.14373583684040142,0.23486565231466494,0.4223049530592425
群馬県,高崎市,6168,163.52448119325553,30,72,181,0.06744487678339818,0.12110894941634241,0.25437743190661477
神奈川県,綾瀬市,6063,47.4375721589972,9,27,58,0.21359063170047832,0.34388916378030676,0.537357743691242
東京都,武蔵村山市,6054,79.60967955071027,13,36,82,0.1747604889329369,0.2791542781631979,0.45341922695738357
愛知県,名古屋市中川区,6020,86.31827242524916,19,43,94,0.10614617940199335,0.19385382059800665,0.36644518272425247
東京都,あきる野市,5962,73.05367326400537,12,32,75,0.17812814491781281,0.28748742032874874,0.48473666554847367
埼玉県,桶川市,5901,34.45653279105236,0,6,37,0.5248263006270124,0.5956617522453821,0.7163192679206914
鳥取県,米子市,5836,104.55705962988348,20,48,115,0.12063056888279644,0.2008224811514736,0.36206305688827967
山口県,下関市,5828,169.31829100892244,33,78,205,0.07326698695950583,0.12868908716540836,0.23181194234728894
茨城県,水戸市,5795,194.06402070750647,36,82,197,0.05970664365832614,0.10215703192407248,0.21535806729939602
大阪府,大阪市此花区,5718,66.51346624693949,12,33,77,0.17663518712836657,0.28716334382651276,0.4807625043721581
長崎県,長崎市,5715,146.70778652668417,19,55,132,0.13928258967629045,0.21172353455818022,0.34540682414698165
千葉県,四街道市,5673,50.52106469240261,8,23,52,0.239555790586991,0.3789881896703684,0.5929843116516834
千葉県,千葉市美浜区,5595,61.82788203753351,8,25,59,0.2353887399463807,0.36193029490616624,0.5676496872207328
群馬県,太田市,5593,107.3788664401931,18,42,93,0.12122295726801359,0.2127659574468085,0.392991239048811
埼玉県,鶴ヶ島市,5574,69.03785432364549,11,30,70,0.19106566200215286,0.3130606386795838,0.5091496232508074
石川県,金沢市,5547,302.3755182981792,33,131,366,0.0638182801514332,0.17234541193437894,0.239949522264287
大阪府,泉大津市,5539,76.25491966058856,22,44,85,0.06336883914063911,0.18541252933742552,0.3728109767105976
千葉県,佐倉市,5501,104.58807489547355,13,38,93,0.15415379021996,0.2641337938556626,0.43228503908380295
宮城県,仙台市若林区,5498,54.96889778101128,9,27,64,0.2317206256820662,0.3439432520916697,0.5365587486358676
福岡県,北九州市小倉南区,5489,76.22135179449809,0,9,80,0.49535434505374387,0.5425396247039533,0.6226999453452359
佐賀県,佐賀市,5488,148.09748542274053,19,61,136,0.17966472303206998,0.22521865889212828,0.33199708454810495
長野県,上田市,5487,104.78822671769638,26,60,123,0.06542737379260069,0.13723346090759977,0.28777109531620193
福岡県,筑紫野市,5406,60.599889012208656,7,27,68,0.26526082130965595,0.3699593044765076,0.5355160932297447
静岡県,御殿場市,5375,71.58827906976744,14,39,86,0.1733953488372093,0.25302325581395346,0.42027906976744184
福島県,福島市,5312,172.7245858433735,40,102,227,0.05817018072289157,0.10090361445783133,0.1871234939759036
茨城県,つくば市,5311,141.14912445867068,13,36,102,0.17058934287328187,0.26887591790623233,0.4509508567124835
大阪府,門真市,5305,107.6196041470311,22,49,108,0.10273327049952875,0.1885014137606032,0.3477851083883129
大分県,大分市,5293,164.07670508218402,35,92,206,0.07065936142074437,0.12072548649159268,0.22047987908558472
兵庫県,神戸市北区,5252,73.91393754760091,5,27,60,0.30217060167555215,0.38613861386138615,0.5409367859862909
大阪府,岸和田市,5188,99.53334618350038,25,56,118,0.0520431765612953,0.17328450269853507,0.33577486507324594
愛知県,豊川市,5181,93.34568616097279,22,48,114,0.10210384095734414,0.17660683265778807,0.34008878594865855
滋賀県,彦根市,5052,120.47723673792558,26,64,140,0.06492478226444973,0.1541963578780681,0.28721298495645287
滋賀県,長浜市,5011,206.68728796647375,21,57,132,0.1197365795250449,0.183995210536819,0.3250848134104969
兵庫県,高砂市,4996,94.20656525220176,8,37,95,0.24419535628502803,0.32846277021617293,0.4583666933546838
大阪府,大阪市港区,4969,56.664922519621655,13,30,66,0.16904809820889516,0.31797142282149327,0.503320587643389
埼玉県,北本市,4938,40.66464155528554,0,5,40,0.531591737545565,0.5901174564601053,0.6992709599027946
京都府,京都市伏見区,4915,96.05859613428281,14,40,85,0.15808748728382502,0.251881993896236,0.417293997965412
岡山県,岡山市中区,4900,74.17857142857143,13,36,77,0.17938775510204083,0.27040816326530615,0.44918367346938776
奈良県,奈良市,4899,106.64462135129618,24,59,123,0.1041028781383956,0.16636048173096551,0.30679730557256585
山形県,山形市,4892,105.12735077677841,15,50,129,0.19235486508585445,0.24529844644317253,0.3587489779231398
埼玉県,久喜市,4875,66.39835897435897,6,26,68,0.26892307692307693,0.3792820512820513,0.5454358974358975
埼玉県,飯能市,4872,85.63669950738917,10,30,76,0.2134646962233169,0.33148604269293924,0.5028735632183908
宮崎県,宮崎市,4850,118.59216494845361,14,42,134,0.15628865979381443,0.30061855670103094,0.4282474226804124
徳島県,徳島市,4767,144.8514789175582,27,70,158,0.07887560310467799,0.1562827774281519,0.27270820222362074
高知県,高知市,4760,112.16218487394958,12,42,107,0.1930672268907563,0.27373949579831935,0.40399159663865547
静岡県,富士宮市,4618,130.63533997401473,28,71,162,0.07752273711563447,0.13772195755738414,0.27457773928107404
滋賀県,栗東市,4568,51.44483362521891,10,27,59,0.20205779334500876,0.33647110332749564,0.533493870402802
埼玉県,北足立郡伊奈町,4562,41.25317843051293,1,14,45,0.4147303814116616,0.5039456378781236,0.6486190267426567
愛知県,名古屋市北区,4498,77.20186749666519,14,36,79,0.15251222765673633,0.2636727434415296,0.44664295242329927
愛知県,名古屋市千種区,4494,92.86893635959056,19,45,102,0.1070315976858033,0.19715175789942144,0.38161993769470404
埼玉県,蓮田市,4446,60.120332883490775,3,16,48,0.36257309941520466,0.4766081871345029,0.647323436797121
栃木県,塩谷郡高根沢町,4421,67.37932594435648,8,31,90,0.22958606650079166,0.363040036190907,0.49920832390861797
岩手県,盛岡市,4404,122.34287011807447,34,77,156,0.062216167120799276,0.10762942779291552,0.22002724795640327
岡山県,津山市,4309,56.83151543281504,12,33,62,0.18844279415177537,0.28846600139243445,0.4789974472035275
群馬県,伊勢崎市,4278,201.52921926133706,26,70,192,0.09794296400187004,0.16479663394109398,0.288218793828892
東京都,羽村市,4260,77.36924882629108,11,30,76,0.2068075117370892,0.3204225352112676,0.5044600938967136
広島県,広島市安佐南区,4195,97.33301549463647,15,43,109,0.16448152562574495,0.24743742550655543,0.4135876042908224
埼玉県,深谷市,4188,62.42239732569246,12,35,74,0.19078319006685768,0.28605539637058264,0.4558261700095511
宮城県,仙台市泉区,4131,73.3359961268458,7,33,84,0.25199709513435004,0.33212297264584845,0.4785766158315178
茨城県,結城市,4107,74.89968346725104,5,17,56,0.35135135135135137,0.4786949111273436,0.6167518870221573
福岡県,太宰府市,4092,58.92546432062561,6,26,66,0.26710654936461387,0.37023460410557185,0.5540078201368523
栃木県,下都賀郡壬生町,4069,47.474809535512414,7,22,54,0.2705824526910789,0.39764069796018675,0.5873679036618333
栃木県,河内郡上三川町,4027,33.40749937919046,4,16,39,0.3521231686118699,0.4613856468835361,0.6640178793146263
千葉県,木更津市,3960,78.1689393939394,12,39,83,0.20707070707070707,0.2823232323232323,0.42853535353535355
千葉県,茂原市,3897,128.22632794457274,21,54,116,0.1206055940467026,0.19912753400051322,0.34282781626892483
岐阜県,岐阜市,3892,179.93036998972252,39,102,225,0.048304213771839674,0.09763617677286741,0.19835560123329907
福岡県,宗像市,3872,90.40625,19,46,103,0.1487603305785124,0.21513429752066116,0.378099173553719
福島県,いわき市,3866,165.4159337816865,32,68,156,0.06492498706673565,0.11665804449042938,0.24469736161407138
鹿児島県,鹿児島市,3847,203.8934234468417,26,72,193,0.09461918377956849,0.1546659734858331,0.28281778008838054
広島県,広島市中区,3839,141.97785881740037,18,47,124,0.13128418859077884,0.21958843448814797,0.3787444647043501
千葉県,成田市,3800,125.99368421052631,12,39,90,0.2055263157894737,0.28342105263157896,0.4376315789473684
滋賀県,東近江市,3793,79.33957289744266,15,41,92,0.15739520168731874,0.2409702082784076,0.417347745847614
兵庫県,芦屋市,3743,94.40742719743521,20,54,118,0.12156024579214533,0.20331285065455518,0.3310179000801496
山口県,山口市,3712,128.45285560344828,24,59,131,0.10290948275862069,0.1724137931034483,0.3063038793103448
北海道,旭川市,3701,1133.49932450689,134,366,366,0.01891380707916779,0.03890840313428803,0.0810591731964334
栃木県,足利市,3685,221.74762550881954,44,106,234,0.030936227951153323,0.0683853459972863,0.166078697421981
滋賀県,近江八幡市,3665,50.32523874488404,12,31,66,0.18035470668485676,0.28567530695770804,0.4903137789904502
北海道,函館市,3612,1175.359080841639,286,366,366,0.03875968992248062,0.05813953488372093,0.07973421926910298
島根県,松江市,3574,99.63961947397874,12,35,94,0.18858421936205932,0.28735310576385004,0.4566312255176273
滋賀県,草津市,3515,44.54850640113798,5,18,47,0.3092460881934566,0.4412517780938834,0.6398293029871978
福岡県,糸島市,3507,59.39463929284288,7,23,62,0.2517821499857428,0.3860849729113202,0.5762760193897919
三重県,四日市市,3507,154.3082406615341,30,86,226,0.08098089535215283,0.13373253493013973,0.2523524379811805
福岡県,糟屋郡粕屋町,3502,34.1070816676185,3,16,41,0.355225585379783,0.4814391776127927,0.6636207881210737
福井県,福井市,3461,122.93845709332562,16,40,87,0.17191563132042761,0.24097081768275064,0.3935278821149957
岡山県,岡山市南区,3457,73.2487706103558,9,29,61,0.23662134798958634,0.3320798380098351,0.5099797512293897
新潟県,新発田市,3454,72.78836132020845,15,37,84,0.14562825709322524,0.2449334105385061,0.43370005790387955
兵庫県,三木市,3449,47.30124673818498,2,24,61,0.3142939982603653,0.402435488547405,0.5642215134821688
京都府,福知山市,3391,56.98879386611619,0,14,56,0.43526983190799173,0.5028015334709525,0.6204659392509584
埼玉県,加須市,3335,70.30464767616192,7,25,61,0.26686656671664166,0.38200899550224887,0.5529235382308846
大阪府,大阪狭山市,3297,91.92417349105247,20,43,99,0.09402487109493479,0.19957537154989385,0.39490445859872614
北海道,札幌市西区,3289,71.80085132259045,9,28,71,0.23472179993919123,0.32988750380054727,0.5159622985709942
埼玉県,入間郡毛呂山町,3285,128.4316590563166,17,58,148,0.15190258751902588,0.2207001522070015,0.35038051750380517
富山県,富山市,3247,294.034801355097,46,132,366,0.04989220819217739,0.08869725900831536,0.17400677548506313
埼玉県,行田市,3238,82.151019147622,6,34,79,0.2652872143298332,0.34403953057442865,0.4691167387276096
新潟県,新潟市北区,3213,74.79396202925615,12,34,82,0.19545596016184252,0.3009648303765951,0.4684095860566449
埼玉県,本庄市,3173,68.10242672549637,11,34,70,0.20359281437125748,0.2905767412543334,0.47084777812795464
岡山県,岡山市東区,3165,72.13807266982623,14,38,78,0.1617693522906793,0.2505529225908373,0.43854660347551344
神奈川県,高座郡寒川町,3157,45.18561925878999,10,24,49,0.19258789990497308,0.35064935064935066,0.5910674691162496
滋賀県,守山市,3108,45.34202059202059,7,21,48,0.26383526383526384,0.40283140283140284,0.6064993564993565
愛知県,名古屋市名東区,3081,154.68192145407335,33,89,196,0.058747160012982795,0.11262577085361895,0.23336579032781565
兵庫県,加東市,3047,111.06695109944208,28,64,136,0.04988513291762389,0.11224154906465376,0.27141450607154577
熊本県,熊本市中央区,3038,163.02699144173798,24,64,159,0.11685319289005924,0.17972350230414746,0.31105990783410137
福岡県,那珂川市,2990,60.527759197324414,9,29,70,0.2197324414715719,0.328428093645485,0.5123745819397993
沖縄県,那覇市,2924,91.12756497948017,8,27,92,0.24042407660738713,0.3447332421340629,0.5314637482900136
大阪府,高石市,2919,112.41315519013361,24,51,104,0.05549845837615622,0.1538198013018157,0.3302500856457691
埼玉県,日高市,2873,73.99651931778628,11,32,79,0.19074138531152104,0.31152105812739295,0.48868778280542985
山梨県,甲府市,2873,242.68534632788027,31,76,202,0.07379046293073442,0.1242603550295858,0.24921684650191436
茨城県,土浦市,2833,153.2259089304624,22,59,160,0.1411930815390046,0.18884574655841863,0.3293328626897282
茨城県,取手市,2812,106.35881934566144,13,35,95,0.1770981507823613,0.27418207681365575,0.4388335704125178
静岡県,磐田市,2804,149.47753209700429,28,71,183,0.061697574893009983,0.13873038516405137,0.27710413694721825
静岡県,静岡市駿河区,2798,157.96962115796998,26,60,156,0.06647605432451752,0.14474624731951394,0.28877769835596856
茨城県,筑西市,2788,81.96018651362984,10,32,80,0.20444763271162122,0.32639885222381637,0.4835007173601148
兵庫県,川西市,2755,74.46134301270418,12,38,81,0.1811252268602541,0.29147005444646096,0.4377495462794918
栃木県,さくら市,2739,56.67396860167945,9,29,61,0.2289156626506024,0.3263964950711939,0.5239138371668492
静岡県,静岡市葵区,2709,235.1077888519749,33,100,286,0.06570690291620525,0.11221853082318199,0.23624953857511996
千葉県,白井市,2679,62.71519223590892,11,30,62,0.1773049645390071,0.3165360209033221,0.5098917506532288
大阪府,富田林市,2657,81.43959352653368,16,41,91,0.13135114791117802,0.23071132856605195,0.41324802408731653
京都府,京都市中京区,2653,113.33735393893706,12,40,91,0.16094986807387862,0.28948360346777235,0.420278929513758
新潟県,新潟市江南区,2627,99.8968405024743,20,48,110,0.12143129044537496,0.1903311762466692,0.35629996193376473
栃木県,下都賀郡野木町,2627,49.7944423296536,1,13,46,0.4202512371526456,0.5207460982108869,0.6612105062809288
佐賀県,鳥栖市,2585,52.92727272727273,0,18,61,0.40386847195357833,0.4735009671179884,0.5822050290135397
兵庫県,たつの市,2580,82.95387596899225,13,39,91,0.19147286821705425,0.2686046511627907,0.4310077519379845
愛知県,名古屋市昭和区,2563,132.9332813109637,19,52,120,0.12329301599687865,0.2001560671088568,0.3456886461178307
神奈川県,逗子市,2507,56.664938173115274,6,23,53,0.26964499401675307,0.3988831272437176,0.5911447945751894
鳥取県,鳥取市,2483,136.6612968183649,31,78,169,0.08256141763995167,0.13854208618606526,0.24848973016512282
広島県,広島市西区,2479,72.46833400564743,13,35,77,0.18757563533682936,0.2791448164582493,0.4526018555869302
大阪府,交野市,2472,106.17880258899676,25,58,131,0.09021035598705501,0.15857605177993528,0.29854368932038833
京都府,京都市右京区,2441,104.09709135600164,13,41,94,0.15116755428103237,0.26833265055305205,0.40352314625153624
静岡県,駿東郡清水町,2430,128.20987654320987,12,51,146,0.20205761316872428,0.2683127572016461,0.3794238683127572
茨城県,守谷市,2430,55.370781893004114,9,25,49,0.2242798353909465,0.35432098765432096,0.5794238683127572
広島県,広島市南区,2407,100.15122559202327,12,37,89,0.1803074366431242,0.28043207312006646,0.44952222683838805
新潟県,燕市,2405,94.41912681912682,16,41,103,0.14927234927234928,0.23950103950103951,0.40374220374220376
長崎県,大村市,2394,68.74310776942356,8,25,62,0.24269005847953215,0.373015873015873,0.5647451963241437
大阪府,羽曳野市,2378,96.71740958788898,20,47,115,0.13919259882253995,0.2089991589571068,0.40370058873002523
京都府,京都市南区,2371,72.02193167439899,15,40,71,0.14972585407001265,0.24167018135807677,0.40067482075073807
京都府,舞鶴市,2366,97.90278951817413,12,55,123,0.22020287404902789,0.27345731191885037,0.37531699070160607
静岡県,三島市,2362,89.1922099915326,2,38,91,0.3090601185436071,0.3607112616426757,0.45681625740897547
福岡県,糟屋郡志免町,2347,39.490413293566256,3,16,44,0.365999147848317,0.4878568385172561,0.6655304644226673
新潟県,柏崎市,2343,57.49295774647887,12,33,76,0.1809645753307725,0.28766538625693555,0.4707639778062313
京都府,京都市左京区,2322,120.18518518518519,10,34,97,0.19509043927648578,0.313953488372093,0.4720068906115418
兵庫県,加西市,2313,83.6039775183744,15,46,107,0.1975789018590575,0.24816255944660615,0.3804582792909641
島根県,出雲市,2261,129.60681114551085,13,45,106,0.18443166740380362,0.26758071649712517,0.40513047324192836
青森県,青森市,2236,149.88372093023256,30,77,174,0.07692307692307693,0.13595706618962433,0.2584973166368515
京都府,京都市山科区,2227,79.81589582397845,13,36,79,0.19128872923215087,0.27705433318365513,0.44140098787606646
神奈川県,愛甲郡愛川町,2224,71.26258992805755,13,34,75,0.17176258992805754,0.27428057553956836,0.47032374100719426
兵庫県,豊岡市,2221,110.67987393066187,11,35,111,0.20531292210715893,0.29131022062134176,0.4425934263845115
大阪府,堺市南区,2218,51.55094679891794,14,32,61,0.10324616771866546,0.26149684400360684,0.48692515779981965
北海道,札幌市厚別区,2176,867.9986213235294,38,146,366,0.078125,0.13005514705882354,0.21277573529411764
茨城県,日立市,2136,131.17977528089887,31,69,148,0.06647940074906367,0.12359550561797752,0.24812734082397003
長野県,塩尻市,2135,122.56065573770492,24,61,143,0.08243559718969555,0.1531615925058548,0.30304449648711945
大阪府,貝塚市,2129,75.5641146077971,23,46,96,0.060591827148896195,0.19398778769375294,0.3677782996712071
奈良県,橿原市,2127,90.86694875411378,22,52,117,0.10907381288199341,0.18335684062059238,0.3450869769628585
茨城県,ひたちなか市,2121,101.01650165016501,23,50,122,0.08533710513908534,0.1603017444601603,0.32673267326732675
兵庫県,加古郡播磨町,2111,69.73140691615349,8,30,75,0.2482235907153008,0.34722880151586927,0.5026054002842255
福岡県,北九州市戸畑区,2094,51.32282712511939,0,10,47,0.47516714422158546,0.5926456542502387,0.7096466093600764
兵庫県,赤穂市,2071,98.77981651376147,19,54,126,0.16079188797682278,0.2153549010140029,0.3317238049251569
栃木県,佐野市,2051,185.87372013651878,45,100,212,0.030716723549488054,0.05850804485616772,0.15309605070697221
埼玉県,白岡市,2044,51.110078277886494,5,17,47,0.3258317025440313,0.4623287671232877,0.6433463796477495
熊本県,熊本市東区,2041,146.81136697697207,13,48,138,0.1910828025477707,0.2689857912787849,0.39784419402253796
愛知県,春日井市,2023,131.19377162629758,23,64,161,0.08848245180425111,0.15669797330696986,0.3025210084033613
福岡県,古賀市,2016,42.41765873015873,7,25,51,0.26438492063492064,0.3804563492063492,0.5808531746031746
愛知県,名古屋市守山区,1997,124.68052078117175,11,37,126,0.17526289434151227,0.2929394091136705,0.45768652979469204
新潟県,三条市,1982,109.82240161453078,17,47,115,0.15338042381432895,0.22199798183652875,0.3708375378405651
兵庫県,小野市,1980,66.73939393939393,11,35,85,0.2202020202020202,0.29848484848484846,0.46111111111111114
東京都,西多摩郡瑞穂町,1972,64.8919878296146,14,35,79,0.14198782961460446,0.2535496957403651,0.45740365111561865
山口県,宇部市,1961,146.31310555838857,36,83,199,0.05864354920958695,0.10810810810810811,0.20805711371749108
京都府,京都市下京区,1931,112.53909891248058,13,43,85,0.15639564992232005,0.26980838943552565,0.4013464526152253
三重県,津市,1927,240.06175402179554,46,119,285,0.04878048780487805,0.08043591074208614,0.17228853139595227
福岡県,大牟田市,1907,53.34504457262716,0,10,71,0.48033560566334554,0.5264813843733613,0.616675406397483
宮城県,多賀城市,1904,51.924369747899156,0,20,60,0.3897058823529412,0.4495798319327731,0.5845588235294118
愛知県,一宮市,1896,231.71677215189874,50,135,331,0.04272151898734177,0.07172995780590717,0.1608649789029536
京都府,京都市上京区,1883,155.1587891662241,10,38,111,0.1731279872543813,0.3106744556558683,0.4445034519383962
京都府,宇治市,1882,68.91817215727949,10,31,63,0.21200850159404888,0.3097768331562168,0.4989373007438895
静岡県,静岡市清水区,1875,241.18826666666666,42,112,312,0.039466666666666664,0.0736,0.1808
愛媛県,新居浜市,1870,134.07326203208555,27,69,170,0.0855614973262032,0.1497326203208556,0.279144385026738
広島県,広島市東区,1858,84.05866523143165,15,41,99,0.16846071044133476,0.24919268030139935,0.40796555435952636
長野県,千曲市,1857,82.12331717824448,24,56,113,0.078082929456112,0.14970382337102853,0.3026386645126548
富山県,高岡市,1853,253.01349163518617,40,115,333,0.06368051807879115,0.10469508904479223,0.20723151645979493
大阪府,堺市美原区,1843,55.519804666304935,14,32,67,0.09929462832338579,0.25339120998372217,0.4877916440586001
京都府,京都市北区,1837,126.11594991834512,13,39,96,0.1883505715841045,0.28524768644529125,0.4256940664126293
兵庫県,相生市,1822,77.23765093304061,3,34,97,0.29582875960482985,0.36169045005488476,0.47420417124039516
千葉県,大網白里市,1818,111.99009900990099,15,40,107,0.15346534653465346,0.24532453245324531,0.4273927392739274
静岡県,伊豆の国市,1794,99.89241917502787,14,46,104,0.18227424749163879,0.2591973244147157,0.39297658862876256
宮城県,名取市,1780,86.67977528089888,13,35,81,0.17921348314606741,0.2640449438202247,0.4567415730337079
広島県,東広島市,1773,106.26057529610829,26,68,128,0.08403835307388607,0.1545403271291596,0.2825719120135364
静岡県,掛川市,1735,272.57175792507206,56,145,366,0.03804034582132565,0.08011527377521614,0.14927953890489915
埼玉県,羽生市,1700,79.69529411764705,9,28,67,0.22176470588235295,0.34058823529411764,0.5252941176470588
香川県,丸亀市,1687,118.39893301719027,19,53,147,0.15174866627148784,0.2157676348547718,0.34736218138707764
和歌山県,岩出市,1670,99.3688622754491,27,63,123,0.06467065868263473,0.15808383233532936,0.29281437125748505
広島県,広島市佐伯区,1666,87.48319327731092,14,41,97,0.16566626650660263,0.2527010804321729,0.40936374549819926
福岡県,八女市,1656,74.54891304347827,7,39,88,0.2524154589371981,0.30676328502415456,0.44323671497584544
岩手県,花巻市,1655,68.38912386706949,4,21,64,0.3293051359516616,0.4422960725075529,0.5969788519637462
山口県,防府市,1649,161.87932080048515,24,67,164,0.12371134020618557,0.1716191631291692,0.2910855063674955
大阪府,大東市,1645,129.8206686930091,25,54,136,0.1148936170212766,0.18601823708206686,0.32462006079027356
静岡県,焼津市,1633,145.26576852418862,27,74,168,0.07654623392529088,0.14451928965094918,0.2767911818738518
岩手県,北上市,1589,46.628697293895534,5,20,55,0.315921963499056,0.42857142857142855,0.604153555695406
大阪府,河内長野市,1586,111.23518284993695,23,52,119,0.10781841109709962,0.18663303909205547,0.3322824716267339
福岡県,福津市,1579,45.71437618746042,7,22,48,0.26472450918302726,0.3875870804306523,0.6079797340088664
北海道,札幌市南区,1575,103.87428571428572,18,48,119,0.1403174603174603,0.22666666666666666,0.3707936507936508
大分県,中津市,1566,148.71519795657727,9,43,149,0.23180076628352492,0.30395913154533843,0.4227330779054917
愛知県,名古屋市熱田区,1564,123.980179028133,21,48,110,0.0959079283887468,0.17838874680306904,0.35294117647058826
埼玉県,入間郡三芳町,1563,107.41330774152271,10,45,120,0.21177223288547664,0.3019833653230966,0.4152271273192578
大阪府,藤井寺市,1563,100.8637236084453,16,50,121,0.17210492642354447,0.23864363403710812,0.39859245041586694
長野県,飯田市,1560,89.12884615384615,23,53,111,0.10576923076923077,0.183974358974359,0.32243589743589746
京都府,京都市西京区,1529,108.49771092217135,12,42,101,0.17004578155657293,0.30085022890778285,0.41792020928711576
兵庫県,三田市,1527,39.03667321545514,1,13,43,0.4119187950229208,0.5121152586771447,0.6751800916830386
福岡県,北九州市門司区,1514,110.1334214002642,0,21,117,0.4095112285336856,0.46961690885072654,0.5515191545574637
新潟県,新潟市秋葉区,1501,127.85609593604264,26,67,160,0.09860093271152565,0.16055962691538975,0.2804796802131912
愛知県,名古屋市南区,1485,163.33804713804713,25,62,160,0.11986531986531987,0.1797979797979798,0.2895622895622896
奈良県,生駒市,1474,198.8629579375848,12,35,161,0.22184531886024422,0.30800542740841247,0.47421981004070557
愛知県,刈谷市,1470,82.13333333333334,19,43,97,0.12993197278911564,0.20952380952380953,0.39319727891156464
愛知県,みよし市,1470,73.54897959183674,16,36,75,0.12653061224489795,0.22380952380952382,0.4435374149659864
群馬県,邑楽郡大泉町,1469,95.25459496255957,20,46,104,0.09734513274336283,0.1749489448604493,0.36147038801906056
大阪府,大阪市大正区,1465,72.76450511945393,14,37,80,0.12491467576791809,0.25187713310580206,0.4184300341296928
静岡県,駿東郡長泉町,1459,80.42700479780672,6,38,91,0.26250856751199453,0.32282385195339275,0.44139821795750517
愛媛県,今治市,1436,163.98607242339833,39,87,189,0.059192200557103065,0.10584958217270195,0.2012534818941504
愛知県,名古屋市瑞穂区,1433,124.98255408234473,21,62,146,0.11723656664340544,0.18492672714584787,0.32937892533147245
茨城県,牛久市,1423,172.48981026001405,20,56,166,0.13914265635980325,0.2157413914265636,0.3323963457484188
北海道,札幌市手稲区,1414,95.05516265912306,13,40,97,0.18104667609618105,0.26449787835926447,0.41371994342291374
千葉県,袖ケ浦市,1412,55.228045325779036,2,15,52,0.3944759206798867,0.4936260623229462,0.6487252124645893
熊本県,熊本市西区,1403,121.1183178902352,16,48,119,0.14468995010691377,0.23521026372059872,0.3948681397006415
広島県,呉市,1397,77.28274874731568,14,42,102,0.15032211882605584,0.3042233357193987,0.4337866857551897
滋賀県,湖南市,1394,52.44261119081779,8,23,42,0.23959827833572453,0.37087517934002867,0.5932568149210904
石川県,加賀市,1393,135.5384063173008,30,71,165,0.08040201005025126,0.13854989231873654,0.25699928212491024
愛知県,小牧市,1364,112.30425219941348,19,46,119,0.10410557184750734,0.20234604105571846,0.374633431085044
宮崎県,都城市,1363,279.8701393983859,32,91,322,0.04475421863536317,0.12472487160674982,0.24064563462949376
石川県,小松市,1351,188.27313101406367,7,51,217,0.29607698001480387,0.32642487046632124,0.41450777202072536
群馬県,館林市,1350,162.83703703703705,26,63,179,0.08814814814814814,0.16,0.2940740740740741
兵庫県,西脇市,1340,190.08731343283583,42,114,240,0.05149253731343283,0.09029850746268657,0.19029850746268656
千葉県,印西市,1336,56.824101796407184,7,21,50,0.2597305389221557,0.4116766467065868,0.5920658682634731
長崎県,佐世保市,1334,204.57271364317842,23,59,153,0.11469265367316342,0.17691154422788605,0.31259370314842577
大分県,別府市,1319,171.55193328279,22,95,284,0.056103108415466264,0.17513267626990145,0.29492039423805916
山口県,周南市,1309,66.44919786096257,10,30,80,0.21390374331550802,0.33613445378151263,0.5019098548510313
京都府,八幡市,1306,94.31163859111791,15,39,88,0.15773353751914243,0.24961715160796324,0.42496171516079634
熊本県,熊本市南区,1305,105.2022988505747,19,57,132,0.12183908045977011,0.21302681992337164,0.3432950191570881
三重県,鈴鹿市,1302,251.67972350230414,40,108,302,0.04531490015360983,0.08448540706605223,0.16973886328725038
兵庫県,揖保郡太子町,1300,73.90230769230769,14,40,88,0.18384615384615385,0.25461538461538463,0.42
福岡県,糟屋郡篠栗町,1296,44.76466049382716,6,21,53,0.2908950617283951,0.41203703703703703,0.6080246913580247
青森県,弘前市,1285,155.10272373540857,32,82,180,0.0754863813229572,0.12217898832684825,0.2357976653696498
愛知県,安城市,1284,94.57320872274143,15,44,111,0.1588785046728972,0.24610591900311526,0.3940809968847352
福岡県,北九州市若松区,1278,69.64788732394366,0,0,54,0.5289514866979655,0.554773082942097,0.6643192488262911
兵庫県,神崎郡福崎町,1270,83.47637795275591,5,38,114,0.262992125984252,0.33070866141732286,0.4574803149606299
福岡県,北九州市八幡東区,1264,98.63607594936708,0,25,120,0.4026898734177215,0.4485759493670886,0.5340189873417721
京都府,京田辺市,1251,81.28856914468425,14,36,76,0.17905675459632295,0.2565947242206235,0.4460431654676259
福島県,会津若松市,1250,110.6784,24,53,134,0.1008,0.172,0.3104
北海道,札幌市清田区,1245,858.378313253012,38,143,366,0.09879518072289156,0.13012048192771083,0.20642570281124498
栃木県,那須塩原市,1242,133.5378421900161,30,57,133,0.05555555555555555,0.10628019323671498,0.2528180354267311
茨城県,つくばみらい市,1240,60.269354838709674,11,25,51,0.19596774193548386,0.3387096774193548,0.5685483870967742
福岡県,小郡市,1239,60.20419693301049,5,28,68,0.28087167070217917,0.36642453591606133,0.5351089588377724
大阪府,泉南市,1238,89.67124394184168,26,57,110,0.05088852988691438,0.17124394184168013,0.3061389337641357
奈良県,大和郡山市,1226,105.40538336052202,25,58,125,0.08972267536704731,0.14763458401305057,0.3075040783034258
愛知県,名古屋市緑区,1221,123.57084357084356,19,49,118,0.11302211302211303,0.19983619983619982,0.35135135135135137
宮城県,岩沼市,1215,119.15884773662552,24,58,127,0.10123456790123457,0.16296296296296298,0.29876543209876544
静岡県,浜松市中央区,1213,226.33223413025556,33,103,272,0.05441055234954658,0.1442704039571311,0.22423742786479803
山口県,岩国市,1209,107.48883374689827,21,56,122,0.13399503722084366,0.19768403639371382,0.32588916459884204
静岡県,藤枝市,1204,104.5373754152824,17,41,101,0.11877076411960133,0.21428571428571427,0.41029900332225916
宮城県,大崎市,1193,69.36462699077954,4,31,90,0.28667225481978204,0.35456831517183574,0.49958088851634536
京都府,木津川市,1183,67.43786982248521,16,43,79,0.15976331360946747,0.23922231614539308,0.37193575655114114
滋賀県,野洲市,1182,54.257191201353635,6,22,54,0.28849407783417935,0.4069373942470389,0.565989847715736
徳島県,鳴門市,1181,163.8458933107536,24,60,173,0.10160880609652836,0.15834038950042337,0.3082133784928027
静岡県,田方郡函南町,1177,127.02888700084962,24,62,148,0.11299915038232795,0.17672047578589634,0.29566694987255737
茨城県,龍ケ崎市,1169,168.58511548331907,21,69,176,0.1223267750213858,0.20530367835757057,0.30196749358426006
奈良県,香芝市,1157,92.35609334485738,25,55,111,0.09248055315471046,0.1581676750216076,0.3180639585133967
埼玉県,比企郡嵐山町,1154,72.97053726169844,14,34,71,0.15251299826689774,0.2538994800693241,0.46187175043327555
新潟県,新潟市南区,1153,99.56634865568083,21,50,122,0.11535125758889853,0.18907198612315698,0.33651344319167387
愛知県,名古屋市港区,1147,144.72885789014822,24,61,181,0.1054925893635571,0.17175239755884916,0.3016564952048823
岩手県,奥州市,1135,61.13215859030837,12,36,75,0.17885462555066078,0.28105726872246695,0.4458149779735683
愛知県,名古屋市天白区,1132,203.90459363957598,22,89,282,0.14752650176678445,0.18992932862190812,0.2924028268551237
埼玉県,比企郡滑川町,1121,75.64852809991079,15,37,81,0.13826940231935772,0.23371989295272078,0.4272970561998216
北海道,苫小牧市,1114,81.33393177737881,6,30,86,0.27289048473967686,0.3635547576301616,0.5098743267504489
北海道,江別市,1110,566.990990990991,47,168,366,0.04684684684684685,0.08198198198198198,0.16306306306306306
静岡県,湖西市,1105,113.06425339366515,11,38,99,0.22171945701357465,0.2895927601809955,0.43710407239819005
福岡県,筑後市,1103,83.38077969174978,2,27,78,0.30915684496826834,0.36899365367180414,0.5267452402538532
新潟県,見附市,1102,84.16606170598911,17,46,115,0.16696914700544466,0.23502722323049002,0.35934664246823955
宮城県,黒川郡大和町,1094,55.9926873857404,9,28,63,0.2303473491773309,0.32449725776965266,0.5228519195612431
宮城県,石巻市,1082,58.23197781885398,6,23,57,0.2800369685767098,0.39833641404805914,0.5794824399260629
千葉県,君津市,1071,126.2016806722689,20,45,96,0.1549953314659197,0.2119514472455649,0.3734827264239029
広島県,広島市安芸区,1060,62.075471698113205,14,33,72,0.1650943396226415,0.25849056603773585,0.47264150943396227
福岡県,飯塚市,1058,120.87051039697542,16,40,98,0.15406427221172023,0.23534971644612476,0.41493383742911155
北海道,釧路市,1054,170.20018975332067,6,46,172,0.29316888045540795,0.3425047438330171,0.43548387096774194
静岡県,袋井市,1042,142.57101727447218,34,79,184,0.05758157389635317,0.11516314779270634,0.21976967370441458
群馬県,桐生市,1041,271.54178674351584,39,126,366,0.04418828049951969,0.10182516810758886,0.21421709894332372
熊本県,熊本市北区,1022,143.20939334637964,9,39,93,0.22798434442270057,0.31604696673189825,0.436399217221135
熊本県,八代市,1016,116.7982283464567,20,55,126,0.12992125984251968,0.19881889763779528,0.34744094488188976
佐賀県,唐津市,1014,133.96055226824458,8,41,134,0.2465483234714004,0.3254437869822485,0.4230769230769231
北海道,恵庭市,1006,77.6182902584493,7,33,71,0.25944333996023855,0.33001988071570576,0.4711729622266402
静岡県,裾野市,1000,85.393,14,38,94,0.188,0.253,0.434
和歌山県,海南市,997,96.27482447342027,26,57,120,0.09729187562688064,0.16950852557673018,0.2978936810431294
広島県,三原市,997,68.77432296890672,8,36,70,0.24674022066198595,0.29187562688064195,0.45336008024072216
大阪府,柏原市,986,84.23833671399595,12,40,94,0.21196754563894524,0.27586206896551724,0.43509127789046653
兵庫県,丹波市,973,87.30010277492292,12,40,99,0.1932168550873587,0.27543679342240496,0.4295991778006166
大分県,日田市,972,125.33539094650206,13,33,83,0.17078189300411523,0.2705761316872428,0.46502057613168724
岡山県,総社市,967,79.20268872802482,14,42,98,0.16132368148914167,0.2564632885211996,0.42088934850051707
滋賀県,米原市,960,182.57708333333332,23,54,123,0.10208333333333333,0.16458333333333333,0.31875
滋賀県,甲賀市,954,55.524109014675055,10,24,55,0.2190775681341719,0.3438155136268344,0.5712788259958071
岐阜県,大垣市,952,50.544117647058826,10,28,54,0.19957983193277312,0.3161764705882353,0.5378151260504201
大阪府,阪南市,951,100.50157728706624,26,68,139,0.050473186119873815,0.17139852786540483,0.3196635120925342
広島県,尾道市,945,51.05079365079365,4,30,58,0.28994708994708995,0.35343915343915344,0.5037037037037037
静岡県,伊東市,939,314.68157614483493,39,138,366,0.06283280085197018,0.09584664536741214,0.18423855165069222
長野県,佐久市,938,60.20682302771855,15,36,76,0.13752665245202558,0.2484008528784648,0.43603411513859275
長野県,須坂市,931,59.152524167561765,14,38,73,0.14822771213748656,0.2502685284640172,0.41997851772287864
兵庫県,丹波篠山市,926,57.549676025917925,2,30,68,0.3326133909287257,0.39200863930885527,0.509719222462203
広島県,府中市,922,121.94034707158352,29,69,158,0.1301518438177874,0.16594360086767895,0.25813449023861174
福岡県,糟屋郡新宮町,912,65.1140350877193,6,24,54,0.2675438596491228,0.375,0.5899122807017544
神奈川県,中郡二宮町,911,150.19429198682766,17,45,127,0.12843029637760703,0.22502744237102085,0.3787047200878156
三重県,松阪市,905,231.30055248618785,70,150,285,0.027624309392265192,0.05966850828729282,0.12596685082872927
茨城県,笠間市,899,273.43159065628475,69,188,366,0.026696329254727477,0.047830923248053395,0.11457174638487208
奈良県,天理市,894,99.38926174496645,25,58,139,0.10067114093959731,0.15212527964205816,0.30201342281879195
京都府,城陽市,892,96.6535874439462,10,33,77,0.22309417040358745,0.29932735426008966,0.47757847533632286
埼玉県,比企郡小川町,889,52.910011248593925,9,28,59,0.22384701912260968,0.3329583802024747,0.5264341957255343
千葉県,八街市,883,307.26840317100795,17,57,180,0.1551528878822197,0.232163080407701,0.33408833522083803
香川県,坂出市,883,145.52887882219704,9,39,103,0.23895809739524349,0.29898074745186864,0.42355605889014725
岩手県,一関市,876,73.72260273972603,12,35,92,0.1815068493150685,0.2808219178082192,0.4646118721461187
石川県,野々市市,875,359.744,31,125,366,0.06857142857142857,0.16114285714285714,0.24914285714285714
山梨県,甲斐市,854,160.03629976580797,23,54,117,0.0936768149882904,0.16042154566744732,0.31030444964871196
和歌山県,紀の川市,851,112.4406580493537,28,69,140,0.06462984723854288,0.1609870740305523,0.27497062279670975
香川県,観音寺市,831,156.5006016847172,13,58,184,0.17208182912154033,0.2767749699157641,0.3574007220216607
宮城県,柴田郡柴田町,830,81.80481927710844,17,43,95,0.11325301204819277,0.21204819277108433,0.38674698795180723
千葉県,東金市,827,240.82829504232166,43,123,356,0.05441354292623942,0.09068923821039904,0.1825876662636034
滋賀県,愛知郡愛荘町,825,95.80121212121212,13,41,96,0.19272727272727272,0.25696969696969696,0.416969696969697
茨城県,神栖市,819,160.44322344322345,14,42,110,0.17216117216117216,0.25518925518925517,0.40415140415140416
京都府,亀岡市,816,125.19730392156863,10,42,126,0.2181372549019608,0.28431372549019607,0.42034313725490197
愛知県,知立市,815,70.03435582822085,19,48,95,0.12392638036809817,0.2085889570552147,0.36809815950920244
兵庫県,加古郡稲美町,815,47.85030674846626,0,26,59,0.31533742331288345,0.3950920245398773,0.5423312883435583
千葉県,富里市,813,180.22632226322264,17,57,202,0.16359163591635917,0.22386223862238622,0.35301353013530135
鹿児島県,薩摩川内市,810,148.38024691358024,22,57,128,0.12098765432098765,0.1814814814814815,0.3172839506172839
山形県,酒田市,809,202.63782447466008,24,83,324,0.13473423980222496,0.18912237330037082,0.2978986402966625
山口県,下松市,808,59.58910891089109,8,27,69,0.24876237623762376,0.36014851485148514,0.5222772277227723
広島県,廿日市市,804,133.0037313432836,31,75,170,0.10323383084577115,0.14925373134328357,0.24502487562189054
広島県,広島市安佐北区,801,132.99500624219726,18,67,167,0.1760299625468165,0.22596754057428214,0.32459425717852686
神奈川県,中郡大磯町,797,106.87452948557089,18,47,127,0.12421580928481807,0.2120451693851945,0.36637390213299875
岐阜県,可児市,794,129.12594458438286,26,64,164,0.15113350125944586,0.181360201511335,0.28211586901763225
東京都,西多摩郡日の出町,793,55.915510718789406,10,28,57,0.18915510718789408,0.32156368221941994,0.5245901639344263
神奈川県,南足柄市,792,85.57070707070707,17,45,101,0.1527777777777778,0.2361111111111111,0.38762626262626265
長野県,中野市,780,42.73974358974359,11,27,61,0.191025641025641,0.33076923076923076,0.532051282051282
山形県,米沢市,777,53.85842985842986,11,33,61,0.2084942084942085,0.28442728442728443,0.46074646074646075
愛知県,清須市,776,230.28994845360825,59,148,311,0.03608247422680412,0.07216494845360824,0.13144329896907217
宮城県,富谷市,771,45.784695201037614,5,27,56,0.2905317769130999,0.36835278858625164,0.5447470817120622
兵庫県,朝来市,768,50.838541666666664,2,30,64,0.30078125,0.3684895833333333,0.5104166666666666
京都府,京都市東山区,765,115.74771241830065,12,36,92,0.1738562091503268,0.2901960784313726,0.4339869281045752
岐阜県,多治見市,758,271.2849604221636,15,61,243,0.16358839050131926,0.24802110817941952,0.36015831134564646
茨城県,坂東市,755,113.57880794701987,22,46,104,0.10198675496688742,0.17218543046357615,0.33774834437086093
福島県,南相馬市,753,109.59096945551128,38,74,154,0.04648074369189907,0.09561752988047809,0.20717131474103587
宮城県,宮城郡利府町,753,54.97742363877822,10,32,69,0.21248339973439576,0.301460823373174,0.4767596281540505
京都府,長岡京市,752,67.90292553191489,8,29,66,0.2393617021276596,0.3537234042553192,0.511968085106383
大阪府,泉南郡熊取町,751,89.12250332889481,24,54,113,0.05193075898801598,0.19307589880159787,0.34753661784287615
愛知県,蒲郡市,749,181.4365821094793,34,95,295,0.050734312416555405,0.09078771695594126,0.22029372496662217
福岡県,直方市,734,156.94141689373296,41,105,223,0.05858310626702997,0.10762942779291552,0.1907356948228883
静岡県,島田市,731,116.3625170998632,23,55,132,0.09302325581395349,0.14227086183310533,0.3146374829001368
福岡県,行橋市,729,80.0,12,39,107,0.18518518518518517,0.27709190672153633,0.4375857338820302
埼玉県,幸手市,729,128.98765432098764,12,36,101,0.18792866941015088,0.2839506172839506,0.4458161865569273
愛知県,西尾市,725,124.07034482758621,20,48,129,0.11448275862068966,0.1986206896551724,0.383448275862069
新潟県,新潟市西蒲区,718,63.580779944289695,15,38,76,0.16852367688022285,0.2395543175487465,0.4220055710306407
北海道,帯広市,717,314.88702928870293,31,72,183,0.06694560669456066,0.11576011157601115,0.2384937238493724
愛知県,犬山市,712,174.9494382022472,38,100,236,0.047752808988764044,0.09410112359550561,0.19101123595505617
大阪府,三島郡島本町,708,78.63983050847457,11,38,79,0.1977401129943503,0.3319209039548023,0.4533898305084746
富山県,射水市,707,289.7595473833098,32,96,262,0.06506364922206506,0.11032531824611033,0.2376237623762376
埼玉県,北葛飾郡松伏町,705,77.48794326241135,13,35,77,0.1475177304964539,0.2794326241134752,0.45390070921985815
山形県,天童市,705,176.4567375886525,0,58,241,0.35602836879432626,0.37446808510638296,0.43120567375886526
栃木県,大田原市,705,116.04397163120568,31,54,104,0.04822695035460993,0.09645390070921986,0.2425531914893617
埼玉県,大里郡寄居町,698,41.5730659025788,9,24,47,0.2148997134670487,0.35816618911174786,0.5959885386819485
鳥取県,境港市,697,68.50502152080344,15,39,79,0.1406025824964132,0.24964131994261118,0.42898134863701576
愛知県,長久手市,690,133.0376811594203,27,59,152,0.059420289855072465,0.12608695652173912,0.28695652173913044
福岡県,糟屋郡宇美町,690,44.71884057971015,9,27,58,0.2144927536231884,0.33768115942028987,0.5579710144927537
茨城県,石岡市,689,202.53120464441218,18,66,184,0.10740203193033382,0.216255442670537,0.35268505079825835
佐賀県,神埼市,685,144.92262773722626,35,75,192,0.05547445255474453,0.12554744525547445,0.2072992700729927
愛知県,稲沢市,682,229.9868035190616,63,113,313,0.03519061583577713,0.05865102639296188,0.10263929618768329
愛知県,瀬戸市,679,195.73048600883652,50,118,245,0.035346097201767304,0.06774668630338733,0.13402061855670103
愛知県,日進市,677,108.33087149187593,27,59,119,0.09453471196454949,0.15214180206794684,0.28064992614475626
鹿児島県,霧島市,677,196.4903988183161,28,68,143,0.0827178729689808,0.1432791728212703,0.27031019202363366
大阪府,四條畷市,676,135.53550295857988,20,56,159,0.1346153846153846,0.19674556213017752,0.3343195266272189
福岡県,朝倉市,676,67.19970414201184,15,42,82,0.20710059171597633,0.2455621301775148,0.4260355029585799
三重県,名張市,675,193.24592592592592,81,165,278,0.04148148148148148,0.054814814814814816,0.10074074074074074
愛知県,知多市,675,51.92444444444445,12,30,60,0.17037037037037037,0.29185185185185186,0.5037037037037037
新潟県,妙高市,666,145.55105105105105,31,83,177,0.07807807807807808,0.13363363363363365,0.24924924924924924
茨城県,稲敷郡阿見町,660,180.1757575757576,20,63,155,0.15757575757575756,0.21515151515151515,0.3090909090909091
北海道,千歳市,654,140.08715596330276,17,48,100,0.1636085626911315,0.22935779816513763,0.36085626911314983
宮崎県,延岡市,638,112.05172413793103,5,30,100,0.28213166144200624,0.3777429467084639,0.5047021943573667
香川県,綾歌郡宇多津町,638,124.65360501567397,20,40,181,0.14420062695924765,0.19122257053291536,0.4482758620689655
岐阜県,各務原市,637,142.09262166405023,22,58,135,0.09733124018838304,0.16326530612244897,0.32967032967032966
茨城県,下妻市,631,80.87638668779715,18,41,102,0.12202852614896989,0.196513470681458,0.39144215530903326
秋田県,横手市,629,99.13036565977742,19,60,136,0.12559618441971382,0.21303656597774245,0.34022257551669316
埼玉県,児玉郡上里町,627,66.69537480063796,8,30,66,0.24401913875598086,0.3397129186602871,0.5103668261562998
愛知県,常滑市,619,161.49111470113087,48,113,159,0.04361873990306947,0.06785137318255251,0.15347334410339256
埼玉県,南埼玉郡宮代町,619,99.1470113085622,15,38,95,0.15024232633279483,0.23909531502423265,0.4184168012924071
奈良県,大和高田市,611,111.09328968903436,19,53,129,0.11947626841243862,0.2078559738134206,0.35515548281505727
茨城県,猿島郡境町,610,29.16393442622951,2,9,32,0.4459016393442623,0.5557377049180328,0.7360655737704918
神奈川県,足柄上郡開成町,605,79.14214876033058,14,37,88,0.15702479338842976,0.25950413223140495,0.43140495867768597
長崎県,西彼杵郡長与町,603,95.60530679933665,15,44,106,0.16583747927031509,0.24212271973466004,0.38971807628524047
鳥取県,倉吉市,603,77.88225538971808,14,49,110,0.18076285240464346,0.25538971807628524,0.38971807628524047
長野県,諏訪市,601,139.8269550748752,34,68,150,0.06821963394342762,0.10316139767054909,0.22961730449251247
広島県,安芸郡府中町,599,81.75125208681135,8,32,97,0.2387312186978297,0.332220367278798,0.4958263772954925
高知県,南国市,595,116.22521008403362,30,75,151,0.08403361344537816,0.12100840336134454,0.253781512605042
北海道,小樽市,595,248.709243697479,18,59,232,0.15798319327731092,0.22521008403361345,0.3445378151260504
熊本県,玉名市,594,81.64983164983165,10,39,97,0.23737373737373738,0.29292929292929293,0.43434343434343436
神奈川県,三浦市,593,148.27487352445195,14,40,132,0.15851602023608768,0.26475548060708265,0.433389544688027
群馬県,みどり市,593,262.0168634064081,27,78,247,0.07925801011804384,0.1467116357504216,0.28330522765598654
群馬県,渋川市,587,174.92163543441225,37,87,192,0.04770017035775128,0.10562180579216354,0.2010221465076661
長崎県,諫早市,584,36.78767123287671,6,22,48,0.3099315068493151,0.4263698630136986,0.6147260273972602
福岡県,柳川市,584,51.727739726027394,0,24,55,0.3938356164383562,0.4297945205479452,0.5582191780821918
福岡県,糟屋郡須惠町,584,30.681506849315067,0,15,41,0.4212328767123288,0.4982876712328767,0.6746575342465754
茨城県,鹿嶋市,580,192.98793103448276,41,96,179,0.10517241379310345,0.12931034482758622,0.2120689655172414
北海道,北広島市,576,562.9635416666666,9,42,366,0.22916666666666666,0.3072916666666667,0.4305555555555556
埼玉県,比企郡川島町,571,40.91243432574431,7,22,47,0.2591943957968476,0.38353765323992994,0.6217162872154116
愛知県,田原市,571,73.52714535901926,13,28,81,0.1436077057793345,0.26970227670753066,0.5253940455341506
京都府,南丹市,569,79.1775043936731,15,40,101,0.1704745166959578,0.24956063268892795,0.43409490333919154
山形県,鶴岡市,567,106.2257495590829,22,48,113,0.10229276895943562,0.17989417989417988,0.3421516754850088
福岡県,八女郡広川町,565,101.30973451327434,26,57,116,0.12743362831858407,0.18053097345132743,0.2973451327433628
神奈川県,足柄上郡大井町,561,129.95365418894832,14,36,97,0.13903743315508021,0.25846702317290554,0.40641711229946526
神奈川県,足柄下郡湯河原町,556,288.8651079136691,13,45,366,0.1960431654676259,0.2805755395683453,0.420863309352518
茨城県,常総市,555,85.77477477477477,12,31,89,0.17297297297297298,0.2882882882882883,0.4882882882882883
徳島県,小松島市,552,102.42028985507247,27,62,141,0.09057971014492754,0.16304347826086957,0.2753623188405797
三重県,伊賀市,551,165.06170598911072,39,105,234,0.032667876588021776,0.07259528130671507,0.17785843920145192
静岡県,榛原郡吉田町,551,189.72958257713248,36,108,296,0.045372050816696916,0.08348457350272233,0.21234119782214156
福島県,白河市,548,54.43795620437956,15,40,74,0.1678832116788321,0.24452554744525548,0.4124087591240876
沖縄県,沖縄市,547,84.85557586837294,27,56,110,0.08592321755027423,0.13893967093235832,0.2870201096892139
山形県,東根市,544,119.73345588235294,1,57,141,0.29044117647058826,0.3088235294117647,0.3694852941176471
佐賀県,武雄市,544,102.41727941176471,6,37,128,0.2775735294117647,0.3602941176470588,0.46875
愛知県,半田市,539,112.860853432282,27,56,127,0.07235621521335807,0.13358070500927643,0.2820037105751391
栃木県,日光市,535,86.97757009345794,24,48,97,0.09719626168224299,0.15327102803738318,0.31401869158878504
愛知県,愛知郡東郷町,534,60.18539325842696,15,38,81,0.15355805243445692,0.24531835205992508,0.4363295880149813
愛媛県,宇和島市,533,331.3208255159475,9,108,366,0.24390243902439024,0.2776735459662289,0.3452157598499062
愛知県,尾張旭市,531,227.51789077212806,40,113,251,0.05273069679849341,0.1224105461393597,0.21092278719397364
岐阜県,美濃加茂市,527,269.96963946869073,76,195,366,0.026565464895635674,0.03984819734345351,0.1062618595825427
山口県,光市,526,83.97718631178707,14,44,110,0.1844106463878327,0.25285171102661597,0.40304182509505704
山梨県,笛吹市,524,161.80725190839695,31,64,163,0.08206106870229007,0.12595419847328243,0.24045801526717558
京都府,綾部市,520,75.93653846153846,8,32,74,0.23461538461538461,0.3346153846153846,0.47307692307692306
山口県,山陽小野田市,517,105.49323017408123,40,69,151,0.05029013539651837,0.09477756286266925,0.2011605415860735
愛媛県,西条市,516,92.21511627906976,22,55,133,0.1124031007751938,0.18992248062015504,0.33527131782945735
福島県,須賀川市,516,91.13953488372093,27,60,126,0.10852713178294573,0.1434108527131783,0.2771317829457364
山梨県,南アルプス市,515,188.71844660194174,30,74,179,0.06019417475728155,0.1203883495145631,0.2504854368932039
愛知県,新城市,513,95.40155945419103,13,35,88,0.14035087719298245,0.25925925925925924,0.4522417153996101
福井県,敦賀市,512,62.4296875,5,26,69,0.28515625,0.373046875,0.54296875
長野県,茅野市,510,63.57254901960784,14,34,69,0.1450980392156863,0.2568627450980392,0.45294117647058824
愛媛県,四国中央市,509,105.46365422396856,25,73,152,0.09037328094302555,0.1925343811394892,0.2770137524557957
福井県,越前市,507,145.01577909270216,19,78,216,0.14595660749506903,0.21696252465483234,0.32741617357001973
宮崎県,日向市,502,48.55179282868526,5,20,61,0.30876494023904383,0.42828685258964144,0.5816733067729084
岡山県,玉野市,501,43.483033932135726,9,30,57,0.23952095808383234,0.3333333333333333,0.500998003992016
北海道,岩見沢市,498,169.5321285140562,48,114,222,0.0321285140562249,0.06224899598393574,0.1566265060240964
滋賀県,蒲生郡日野町,498,95.55220883534136,10,26,106,0.2248995983935743,0.35943775100401604,0.5200803212851406
三重県,桑名市,497,86.3158953722334,20,49,99,0.12072434607645875,0.18712273641851107,0.34808853118712274
愛知県,東海市,497,42.55533199195171,6,24,48,0.2716297786720322,0.37424547283702214,0.579476861167002
静岡県,御前崎市,497,244.39034205231388,53,156,366,0.04627766599597585,0.08249496981891348,0.1529175050301811
福島県,相馬市,493,200.26977687626774,54,125,278,0.0486815415821501,0.08519269776876268,0.17647058823529413
北海道,室蘭市,491,158.84928716904278,26,82,222,0.07535641547861507,0.14867617107942974,0.2830957230142566
広島県,安芸郡海田町,490,62.61020408163265,13,35,72,0.16122448979591836,0.2612244897959184,0.4387755102040816
岐阜県,中津川市,490,56.32448979591837,10,28,66,0.20204081632653062,0.31020408163265306,0.5306122448979592
埼玉県,入間郡越生町,486,168.5411522633745,31,71,174,0.09259259259259259,0.12962962962962962,0.24897119341563786
群馬県,藤岡市,486,110.0,25,43,108,0.08847736625514403,0.15843621399176955,0.3497942386831276
青森県,十和田市,484,107.67768595041322,17,57,139,0.1446280991735537,0.2190082644628099,0.359504132231405
長野県,伊那市,482,183.4875518672199,58,125,235,0.026970954356846474,0.03941908713692946,0.11825726141078838
京都府,相楽郡精華町,479,89.36743215031315,18,48,96,0.13778705636743216,0.21085594989561587,0.3674321503131524
静岡県,駿東郡小山町,475,74.12631578947368,13,38,90,0.18105263157894738,0.2631578947368421,0.4421052631578947
愛知県,あま市,467,200.68522483940043,41,100,255,0.07066381156316917,0.10278372591006424,0.19271948608137046
長野県,安曇野市,465,71.29032258064517,18,41,99,0.13978494623655913,0.1935483870967742,0.37849462365591396
宮城県,柴田郡大河原町,464,68.44827586206897,16,41,93,0.1400862068965517,0.23060344827586207,0.39870689655172414
福井県,坂井市,463,141.42764578833695,27,67,139,0.1468682505399568,0.17494600431965443,0.27213822894168466
福岡県,大川市,462,99.63203463203463,0,29,74,0.3203463203463203,0.3939393939393939,0.5043290043290043
愛知県,高浜市,461,114.59869848156183,16,42,104,0.1540130151843818,0.2386117136659436,0.3774403470715835
神奈川県,足柄上郡松田町,458,44.25545851528384,9,27,56,0.2292576419213974,0.34279475982532753,0.5305676855895196
新潟県,加茂市,456,89.52850877192982,19,48,106,0.12938596491228072,0.20175438596491227,0.3530701754385965
山梨県,中央市,453,81.8167770419426,19,47,88,0.0772626931567329,0.20088300220750552,0.3620309050772627
岩手県,滝沢市,452,159.68805309734512,41,93,185,0.048672566371681415,0.09070796460176991,0.19911504424778761
宮城県,塩竈市,445,90.79550561797753,17,49,122,0.16179775280898875,0.2292134831460674,0.3707865168539326
福井県,鯖江市,441,161.45351473922904,26,77,188,0.09070294784580499,0.1473922902494331,0.2698412698412698
滋賀県,高島市,441,81.60997732426304,19,52,104,0.1473922902494331,0.20861678004535147,0.35147392290249435
長崎県,西彼杵郡時津町,436,100.69724770642202,17,48,95,0.14678899082568808,0.22706422018348624,0.3922018348623853
埼玉県,比企郡吉見町,436,69.36238532110092,13,36,86,0.19036697247706422,0.2775229357798165,0.4610091743119266
奈良県,桜井市,435,129.62758620689655,25,62,148,0.04367816091954023,0.13333333333333333,0.31494252873563217
愛知県,碧南市,432,79.27083333333333,22,45,102,0.11805555555555555,0.18287037037037038,0.3449074074074074
兵庫県,宍粟市,431,68.4570765661253,12,37,83,0.20649651972157773,0.2900232018561485,0.42923433874709976
岩手県,紫波郡矢巾町,431,89.48723897911833,28,60,116,0.07888631090487239,0.1368909512761021,0.2668213457076566
徳島県,板野郡松茂町,430,84.57209302325582,21,49,104,0.12558139534883722,0.20232558139534884,0.3511627906976744
和歌山県,御坊市,430,189.45116279069768,4,26,61,0.29767441860465116,0.39069767441860465,0.5348837209302325
愛媛県,東温市,423,198.81560283687944,50,130,281,0.08274231678486997,0.1111111111111111,0.1607565011820331
新潟県,糸魚川市,423,52.1371158392435,11,32,66,0.1867612293144208,0.3049645390070922,0.48699763593380613
福岡県,中間市,423,170.56028368794327,48,113,224,0.061465721040189124,0.08983451536643026,0.16312056737588654
千葉県,香取市,422,207.67298578199052,19,45,187,0.13744075829383887,0.20853080568720378,0.3886255924170616
岐阜県,羽島市,421,180.31116389548694,44,102,193,0.047505938242280284,0.07600950118764846,0.19002375296912113
岐阜県,瑞浪市,417,79.79136690647482,17,51,88,0.10071942446043165,0.20623501199040767,0.3645083932853717
三重県,伊勢市,412,164.31553398058253,30,83,278,0.07524271844660194,0.1407766990291262,0.25
新潟県,胎内市,410,84.54146341463415,15,37,86,0.15853658536585366,0.24390243902439024,0.43414634146341463
青森県,五所川原市,401,118.05985037406484,5,33,131,0.30673316708229426,0.3790523690773067,0.486284289276808
新潟県,小千谷市,400,72.3575,21,52,100,0.1325,0.1825,0.3225
熊本県,菊池郡菊陽町,398,70.12814070351759,10,33,88,0.23869346733668342,0.3341708542713568,0.4824120603015075
京都府,向日市,397,95.8690176322418,10,33,106,0.20654911838790932,0.3249370277078086,0.47858942065491183
北海道,北斗市,391,1307.5856777493607,366,366,366,0.020460358056265986,0.023017902813299233,0.03324808184143223
京都府,乙訓郡大山崎町,386,58.34974093264249,9,26,73,0.22279792746113988,0.3238341968911917,0.5518134715025906
岡山県,瀬戸内市,385,76.1922077922078,11,41,88,0.21298701298701297,0.2753246753246753,0.41818181818181815
徳島県,板野郡北島町,384,74.40885416666667,17,44,90,0.11197916666666667,0.22395833333333334,0.3984375
石川県,白山市,384,284.1380208333333,37,111,309,0.07291666666666667,0.11979166666666667,0.21875
千葉県,銚子市,382,210.5366492146597,53,150,315,0.07068062827225131,0.08900523560209424,0.15968586387434555
福島県,伊達市,381,107.32808398950131,37,71,145,0.06036745406824147,0.11286089238845144,0.2152230971128609
熊本県,宇城市,378,117.42592592592592,26,70,139,0.10317460317460317,0.15079365079365079,0.2857142857142857
群馬県,安中市,377,147.81167108753317,26,63,173,0.07427055702917772,0.13793103448275862,0.2891246684350133
熊本県,合志市,373,81.55227882037534,7,33,104,0.2520107238605898,0.3324396782841823,0.46112600536193027
長野県,東御市,373,84.0804289544236,20,44,106,0.08579088471849866,0.1769436997319035,0.3672922252010724
香川県,善通寺市,370,77.55405405405405,10,37,78,0.23513513513513515,0.2945945945945946,0.43783783783783786
秋田県,大仙市,370,208.52162162162162,48,132,308,0.05405405405405406,0.07837837837837838,0.16486486486486487
北海道,滝川市,369,150.6639566395664,30,66,158,0.06775067750677506,0.11924119241192412,0.25474254742547425
岐阜県,瑞穂市,366,102.84426229508196,29,62,134,0.09016393442622951,0.16120218579234974,0.2650273224043716
茨城県,かすみがうら市,366,127.38524590163935,33,73,148,0.05737704918032787,0.10655737704918032,0.22131147540983606
愛知県,知多郡武豊町,366,151.6584699453552,37,92,211,0.06830601092896176,0.10382513661202186,0.21311475409836064
富山県,魚津市,365,226.26849315068492,47,110,324,0.03561643835616438,0.052054794520547946,0.15616438356164383
三重県,三重郡川越町,363,176.38292011019283,41,124,284,0.06336088154269973,0.08264462809917356,0.15702479338842976
沖縄県,宜野湾市,360,58.486111111111114,21,44,75,0.1,0.16666666666666666,0.36944444444444446
山梨県,富士吉田市,359,75.15598885793872,11,31,60,0.18662952646239556,0.3008356545961003,0.4958217270194986
福岡県,京都郡苅田町,359,99.05292479108635,18,62,136,0.16991643454038996,0.22562674094707522,0.3426183844011142
宮城県,東松島市,358,68.81843575418995,9,27,90,0.23184357541899442,0.3463687150837989,0.5195530726256983
愛知県,大府市,357,42.79831932773109,5,17,41,0.30532212885154064,0.4369747899159664,0.6610644257703081
大分県,宇佐市,351,115.06552706552706,7,36,145,0.2678062678062678,0.3190883190883191,0.4672364672364672
愛知県,額田郡幸田町,350,40.40571428571429,7,20,43,0.26285714285714284,0.4257142857142857,0.5942857142857143
和歌山県,田辺市,350,135.64285714285714,10,29,82,0.19714285714285715,0.36857142857142855,0.5114285714285715
富山県,砺波市,349,122.37249283667622,19,46,112,0.10888252148997135,0.19484240687679083,0.3667621776504298
福岡県,宮若市,349,84.02865329512893,26,65,117,0.10028653295128939,0.15759312320916904,0.2836676217765043
静岡県,菊川市,348,171.75862068965517,40,90,221,0.040229885057471264,0.11494252873563218,0.19540229885057472
宮城県,登米市,343,84.71137026239067,17,43,121,0.17784256559766765,0.23323615160349853,0.40524781341107874
兵庫県,洲本市,342,39.57602339181287,7,18,45,0.2631578947368421,0.40058479532163743,0.6286549707602339
福岡県,朝倉郡筑前町,342,78.3859649122807,16,43,102,0.1695906432748538,0.23684210526315788,0.4269005847953216
熊本県,宇土市,337,149.21958456973294,36,83,182,0.07418397626112759,0.11275964391691394,0.20771513353115728
熊本県,荒尾市,336,85.11309523809524,5,36,119,0.2767857142857143,0.32142857142857145,0.46726190476190477
埼玉県,北葛飾郡杉戸町,335,112.75820895522388,17,43,109,0.10149253731343283,0.2208955223880597,0.4
奈良県,葛城市,334,87.41916167664671,23,58,119,0.09880239520958084,0.17065868263473055,0.3263473053892216
鹿児島県,姶良市,328,338.6493902439024,34,89,201,0.07317073170731707,0.12195121951219512,0.2347560975609756
長野県,駒ヶ根市,326,83.20245398773007,24,57,103,0.10429447852760736,0.15950920245398773,0.3128834355828221
神奈川県,三浦郡葉山町,323,69.92260061919505,6,28,67,0.28173374613003094,0.3715170278637771,0.5201238390092879
長野県,岡谷市,320,434.79375,40,106,356,0.034375,0.065625,0.16875
群馬県,邑楽郡邑楽町,320,173.028125,30,78,176,0.059375,0.1125,0.25625
岡山県,都窪郡早島町,319,100.25078369905957,18,48,111,0.13166144200626959,0.21630094043887146,0.3510971786833856
福岡県,三潴郡大木町,317,202.88643533123027,13,60,239,0.1892744479495268,0.29337539432176657,0.39747634069400634
静岡県,伊豆市,316,67.12974683544304,13,34,85,0.16139240506329114,0.2689873417721519,0.4810126582278481
奈良県,磯城郡田原本町,315,92.34285714285714,19,53,114,0.13333333333333333,0.20317460317460317,0.346031746031746
山口県,柳井市,314,104.9267515923567,28,69,138,0.06050955414012739,0.12420382165605096,0.2770700636942675
茨城県,那珂市,314,117.06369426751593,32,70,155,0.09872611464968153,0.1305732484076433,0.23885350318471338
福島県,西白河郡西郷村,313,35.108626198083066,7,21,48,0.2715654952076677,0.4185303514376997,0.6261980830670927
福島県,二本松市,313,173.00958466453673,49,110,214,0.02875399361022364,0.06389776357827476,0.15335463258785942
北海道,石狩市,313,62.09584664536741,7,32,74,0.26517571884984026,0.34185303514376997,0.48562300319488816
宮城県,亘理郡亘理町,311,112.67202572347267,7,50,122,0.2733118971061093,0.2958199356913183,0.3858520900321543
沖縄県,浦添市,311,26.916398713826368,3,13,36,0.37942122186495175,0.5176848874598071,0.7234726688102894
大分県,佐伯市,311,82.78778135048232,9,33,94,0.22186495176848875,0.3054662379421222,0.4630225080385852
岡山県,美作市,308,64.96103896103897,17,37,79,0.16233766233766234,0.22727272727272727,0.3961038961038961
愛知県,岩倉市,305,147.94098360655738,38,81,200,0.029508196721311476,0.08852459016393442,0.18688524590163935
愛知県,北名古屋市,304,224.79934210526315,48,140,303,0.04276315789473684,0.08223684210526316,0.1611842105263158
北海道,北見市,304,183.37828947368422,40,75,188,0.006578947368421052,0.029605263157894735,0.06907894736842106
和歌山県,有田市,303,77.35313531353135,10,48,123,0.22772277227722773,0.2838283828382838,0.40924092409240925
奈良県,北葛城郡王寺町,295,73.23728813559322,13,43,90,0.17966101694915254,0.2542372881355932,0.42033898305084744
北海道,登別市,295,227.21694915254238,68,167,334,0.04067796610169491,0.07457627118644068,0.1288135593220339
福岡県,遠賀郡水巻町,293,146.43003412969284,38,84,179,0.040955631399317405,0.09556313993174062,0.18088737201365188
岡山県,勝田郡勝央町,291,60.85910652920962,17,35,68,0.10652920962199312,0.20962199312714777,0.40893470790378006
千葉県,印旛郡酒々井町,291,283.98625429553266,22,71,145,0.10309278350515463,0.16151202749140894,0.29553264604810997
佐賀県,三養基郡基山町,289,38.29065743944636,2,21,48,0.36678200692041524,0.4290657439446367,0.5813148788927336
千葉県,富津市,288,114.32986111111111,30,81,154,0.1076388888888889,0.14930555555555555,0.25
愛知県,豊明市,287,52.26829268292683,11,25,60,0.1986062717770035,0.3310104529616725,0.5609756097560976
佐賀県,伊万里市,286,22.29020979020979,0,6,29,0.548951048951049,0.6363636363636364,0.7622377622377622
茨城県,常陸大宮市,284,132.79929577464787,32,66,146,0.06338028169014084,0.11619718309859155,0.23591549295774647
岐阜県,関市,284,113.88028169014085,29,62,139,0.07746478873239436,0.1443661971830986,0.2535211267605634
広島県,三次市,283,72.70671378091873,17,50,98,0.15547703180212014,0.2226148409893993,0.38162544169611307
新潟県,南魚沼市,282,30.613475177304963,5,16,37,0.30851063829787234,0.46099290780141844,0.7163120567375887
大分県,速見郡日出町,282,252.57801418439718,60,133,311,0.028368794326241134,0.04964539007092199,0.09574468085106383
群馬県,北群馬郡吉岡町,281,124.27402135231317,32,72,149,0.028469750889679714,0.0711743772241993,0.2277580071174377
千葉県,旭市,279,96.00716845878136,13,40,109,0.14695340501792115,0.2616487455197133,0.4336917562724014
大阪府,泉北郡忠岡町,278,80.23021582733813,24,52,98,0.039568345323741004,0.16906474820143885,0.34172661870503596
富山県,滑川市,277,267.02527075812276,55,132,366,0.036101083032490974,0.05415162454873646,0.1299638989169675
徳島県,板野郡藍住町,276,101.39855072463769,20,55,126,0.11594202898550725,0.19202898550724637,0.32971014492753625
静岡県,牧之原市,275,157.93818181818182,26,84,203,0.09818181818181818,0.15636363636363637,0.28
福岡県,田川市,275,191.84727272727272,21,81,224,0.12727272727272726,0.18181818181818182,0.31636363636363635
福島県,本宮市,274,81.34306569343066,30,61,104,0.10583941605839416,0.16058394160583941,0.2591240875912409
熊本県,山鹿市,273,65.5934065934066,12,37,80,0.20146520146520147,0.2783882783882784,0.4652014652014652
岡山県,赤磐市,270,65.66296296296296,16,38,74,0.12962962962962962,0.22962962962962963,0.4222222222222222
山梨県,韮崎市,270,110.91851851851852,11,26,55,0.1962962962962963,0.3333333333333333,0.5444444444444444
栃木県,矢板市,267,230.88389513108615,62,138,331,0.011235955056179775,0.0449438202247191,0.10861423220973783
愛知県,江南市,267,114.97003745318352,22,52,111,0.10112359550561797,0.149812734082397,0.32209737827715357
岡山県,浅口市,267,115.9625468164794,12,47,95,0.21722846441947566,0.2846441947565543,0.38202247191011235
岡山県,備前市,266,236.28195488721803,34,96,272,0.08646616541353383,0.12030075187969924,0.23684210526315788
群馬県,佐波郡玉村町,266,156.8045112781955,24,51,128,0.08646616541353383,0.15413533834586465,0.33458646616541354
新潟県,村上市,265,262.86037735849055,13,34,170,0.1509433962264151,0.2679245283018868,0.45660377358490567
山梨県,中巨摩郡昭和町,264,192.59469696969697,24,53,130,0.08333333333333333,0.17045454545454544,0.30303030303030304
茨城県,桜川市,263,154.35361216730038,34,73,185,0.053231939163498096,0.07984790874524715,0.20912547528517111
新潟県,北蒲原郡聖籠町,258,67.81395348837209,20,38,92,0.10077519379844961,0.18992248062015504,0.37209302325581395
山形県,寒河江市,258,176.8294573643411,31,124,264,0.16666666666666666,0.2054263565891473,0.24806201550387597
岐阜県,恵那市,254,61.54724409448819,9,32,71,0.2204724409448819,0.3346456692913386,0.484251968503937
岐阜県,土岐市,250,83.064,11,32,69,0.204,0.32,0.488
長野県,小諸市,249,95.95180722891567,15,41,84,0.14457831325301204,0.24096385542168675,0.43373493975903615
沖縄県,名護市,245,27.212244897959184,4,12,33,0.3795918367346939,0.5346938775510204,0.7306122448979592
大阪府,泉南郡田尻町,243,87.27160493827161,27,55,114,0.05761316872427984,0.15637860082304528,0.3168724279835391
愛知県,海部郡蟹江町,243,104.52263374485597,22,54,106,0.09465020576131687,0.18518518518518517,0.3333333333333333
高知県,香美市,242,112.14462809917356,31,77,161,0.045454545454545456,0.11570247933884298,0.24793388429752067
広島県,大竹市,241,63.232365145228215,13,34,81,0.17012448132780084,0.26556016597510373,0.45228215767634855
新潟県,五泉市,241,75.6390041493776,18,40,82,0.13278008298755187,0.22821576763485477,0.4066390041493776
石川県,能美市,238,194.23529411764707,33,80,211,0.1134453781512605,0.14705882352941177,0.23949579831932774
群馬県,富岡市,235,187.36595744680852,17,45,124,0.15319148936170213,0.225531914893617,0.3872340425531915
宮城県,白石市,235,72.08936170212766,12,30,71,0.20425531914893616,0.3574468085106383,0.502127659574468
福井県,小浜市,233,70.68669527896996,18,49,115,0.12017167381974249,0.19313304721030042,0.33905579399141633
和歌山県,橋本市,232,141.32758620689654,17,52,132,0.16379310344827586,0.23275862068965517,0.3879310344827586
長野県,上伊那郡箕輪町,231,148.5064935064935,46,101,185,0.03896103896103896,0.06493506493506493,0.15584415584415584
宮城県,栗原市,230,101.12608695652175,8,41,127,0.2391304347826087,0.26956521739130435,0.4
香川県,さぬき市,229,165.74672489082968,25,66,174,0.13973799126637554,0.2052401746724891,0.27510917030567683
愛知県,津島市,229,124.23580786026201,34,68,152,0.06550218340611354,0.09170305676855896,0.23580786026200873
愛媛県,伊予市,227,212.33920704845815,63,124,230,0.04405286343612335,0.05286343612334802,0.11894273127753303
香川県,三豊市,223,192.68161434977577,34,97,237,0.08520179372197309,0.1210762331838565,0.22869955156950672
宮崎県,日南市,223,160.47533632286996,14,14,230,0.11210762331838565,0.5022421524663677,0.5560538116591929
広島県,竹原市,223,146.45291479820628,58,106,202,0.03587443946188341,0.06278026905829596,0.10762331838565023
愛媛県,大洲市,222,101.16216216216216,15,72,159,0.16666666666666666,0.24774774774774774,0.34684684684684686
新潟県,阿賀野市,222,67.98648648648648,19,43,86,0.11261261261261261,0.18468468468468469,0.40540540540540543
愛知県,弥富市,221,112.0,32,62,129,0.06334841628959276,0.08597285067873303,0.24434389140271492
茨城県,那珂郡東海村,221,106.59276018099547,11,27,65,0.18552036199095023,0.3167420814479638,0.5475113122171946
宮城県,角田市,221,83.92760180995475,7,39,104,0.3076923076923077,0.334841628959276,0.4253393665158371
千葉県,山武市,220,258.69545454545454,25,67,227,0.08636363636363636,0.1590909090909091,0.3090909090909091
沖縄県,うるま市,219,78.21461187214612,17,51,89,0.1004566210045662,0.2054794520547945,0.3607305936073059
石川県,七尾市,216,228.48611111111111,7,28,139,0.25925925925925924,0.36574074074074076,0.5185185185185185
滋賀県,犬上郡豊郷町,215,202.6,50,132,250,0.04186046511627907,0.07441860465116279,0.13953488372093023
佐賀県,神埼郡吉野ヶ里町,214,169.40654205607476,31,98,277,0.09345794392523364,0.13551401869158877,0.24299065420560748
岡山県,高梁市,214,168.07476635514018,36,86,227,0.06074766355140187,0.09345794392523364,0.2383177570093458
秋田県,由利本荘市,205,173.7219512195122,6,32,126,0.28780487804878047,0.3804878048780488,0.4926829268292683
愛知県,知多郡東浦町,205,61.64390243902439,20,40,79,0.13170731707317074,0.18536585365853658,0.4097560975609756
愛媛県,伊予郡松前町,204,105.18627450980392,51,83,159,0.06372549019607843,0.10294117647058823,0.20098039215686275
愛知県,丹羽郡扶桑町,199,125.86934673366834,26,68,139,0.08040201005025126,0.1457286432160804,0.2914572864321608
秋田県,能代市,197,56.61421319796954,2,13,55,0.41116751269035534,0.5177664974619289,0.6243654822335025
石川県,河北郡津幡町,192,327.40625,49,244,366,0.026041666666666668,0.19791666666666666,0.22395833333333334
新潟県,十日町市,191,43.18324607329843,4,19,39,0.31413612565445026,0.4397905759162304,0.6649214659685864
長野県,埴科郡坂城町,190,63.55789473684211,21,41,76,0.10526315789473684,0.1631578947368421,0.3736842105263158
埼玉県,秩父市,187,93.9090909090909,16,42,92,0.13903743315508021,0.22459893048128343,0.37433155080213903
山梨県,都留市,187,41.74866310160428,6,23,50,0.27807486631016043,0.39037433155080214,0.5668449197860963
熊本県,上益城郡益城町,185,85.98918918918919,9,32,84,0.21081081081081082,0.33513513513513515,0.4864864864864865
徳島県,阿南市,184,150.1413043478261,19,53,180,0.15760869565217392,0.22826086956521738,0.3532608695652174
茨城県,小美玉市,184,266.17934782608694,67,159,366,0.010869565217391304,0.06521739130434782,0.14130434782608695
島根県,安来市,184,126.09239130434783,23,62,180,0.10869565217391304,0.1956521739130435,0.29891304347826086
石川県,羽咋市,183,148.08196721311475,31,96,238,0.11475409836065574,0.14754098360655737,0.23497267759562843
奈良県,生駒郡斑鳩町,180,85.78888888888889,13,33,91,0.2,0.2722222222222222,0.4722222222222222
沖縄県,中頭郡北谷町,178,53.91011235955056,13,31,73,0.15168539325842698,0.2752808988764045,0.4887640449438202
群馬県,沼田市,176,51.78977272727273,9,27,60,0.2215909090909091,0.3352272727272727,0.5738636363636364
北海道,河東郡音更町,176,212.85795454545453,44,109,193,0.03977272727272727,0.09090909090909091,0.19318181818181818
熊本県,菊池郡大津町,175,47.15428571428571,3,13,54,0.3942857142857143,0.5142857142857142,0.6685714285714286
佐賀県,小城市,173,87.97687861271676,24,49,94,0.09826589595375723,0.15028901734104047,0.32947976878612717
三重県,亀山市,171,85.6842105263158,25,52,94,0.07017543859649122,0.14035087719298245,0.3157894736842105
茨城県,北茨城市,171,222.51461988304092,21,67,191,0.12280701754385964,0.19298245614035087,0.32748538011695905
大分県,杵築市,171,206.58479532163742,62,142,308,0.03508771929824561,0.05847953216374269,0.10526315789473684
岩手県,紫波郡紫波町,167,80.79640718562874,15,50,122,0.1317365269461078,0.23952095808383234,0.38922155688622756
青森県,三沢市,165,43.73939393939394,2,12,34,0.44242424242424244,0.5454545454545454,0.7393939393939394
高知県,香南市,165,90.36363636363636,30,68,126,0.10909090909090909,0.1696969696969697,0.2545454545454545
福島県,双葉郡富岡町,164,172.4512195121951,25,61,117,0.07317073170731707,0.15853658536585366,0.3231707317073171
徳島県,吉野川市,162,171.41975308641975,34,89,196,0.06790123456790123,0.11728395061728394,0.22839506172839505
京都府,宮津市,161,32.6583850931677,0,8,44,0.4968944099378882,0.5714285714285714,0.6645962732919255
千葉県,長生郡一宮町,159,116.0,22,52,124,0.16981132075471697,0.22641509433962265,0.32075471698113206
石川県,かほく市,158,325.32911392405066,44,160,366,0.06962025316455696,0.189873417721519,0.23417721518987342
岐阜県,高山市,157,743.8726114649681,123,366,366,0.025477707006369428,0.050955414012738856,0.11464968152866242
茨城県,高萩市,156,190.58333333333334,14,57,222,0.19230769230769232,0.25,0.391025641025641
鹿児島県,出水市,156,69.18589743589743,15,40,69,0.12179487179487179,0.23076923076923078,0.3782051282051282
兵庫県,神崎郡市川町,155,122.11612903225806,16,51,168,0.15483870967741936,0.23225806451612904,0.3032258064516129
愛知県,西春日井郡豊山町,153,208.03267973856208,51,111,276,0.0457516339869281,0.08496732026143791,0.13071895424836602
岡山県,笠岡市,153,86.45751633986929,22,50,101,0.12418300653594772,0.20915032679738563,0.32679738562091504
広島県,庄原市,153,99.3202614379085,36,71,139,0.0915032679738562,0.1111111111111111,0.20261437908496732
愛知県,海部郡大治町,152,236.2565789473684,53,126,324,0.03289473684210526,0.05921052631578947,0.125
愛知県,知多郡阿久比町,151,112.21192052980132,21,72,149,0.059602649006622516,0.152317880794702,0.31125827814569534
兵庫県,赤穂郡上郡町,150,119.52666666666667,27,78,149,0.08,0.14666666666666667,0.26666666666666666
長野県,諏訪郡下諏訪町,147,181.51020408163265,41,103,213,0.06802721088435375,0.09523809523809523,0.23129251700680273
山形県,新庄市,143,33.73426573426573,4,12,26,0.3776223776223776,0.5384615384615384,0.7902097902097902
三重県,三重郡朝日町,143,128.006993006993,43,86,174,0.09090909090909091,0.11888111888111888,0.18181818181818182
静岡県,浜松市浜名区,143,210.86013986013987,26,49,190,0.027972027972027972,0.11188811188811189,0.2867132867132867
沖縄県,豊見城市,143,62.78321678321678,11,31,63,0.17482517482517482,0.26573426573426573,0.4965034965034965
石川県,河北郡内灘町,142,240.77464788732394,12,121,366,0.11267605633802817,0.2535211267605634,0.3028169014084507
京都府,京丹後市,141,64.63120567375887,8,31,95,0.24113475177304963,0.3262411347517731,0.49645390070921985
奈良県,御所市,140,93.6,23,59,116,0.11428571428571428,0.2,0.3142857142857143
長野県,諏訪郡富士見町,139,76.9568345323741,26,52,98,0.050359712230215826,0.1223021582733813,0.302158273381295
岐阜県,羽島郡岐南町,139,232.4388489208633,61,138,307,0.05755395683453238,0.07913669064748201,0.1223021582733813
熊本県,菊池市,138,96.94202898550725,8,24,103,0.2246376811594203,0.35507246376811596,0.5289855072463768
福井県,吉田郡永平寺町,138,223.19565217391303,26,59,116,0.13768115942028986,0.18115942028985507,0.2826086956521739
岡山県,真庭市,137,37.81751824817518,8,23,42,0.22627737226277372,0.36496350364963503,0.5766423357664233
山梨県,南都留郡富士河口湖町,137,71.67883211678833,13,36,75,0.145985401459854,0.26277372262773724,0.48175182481751827
福岡県,鞍手郡小竹町,136,208.58823529411765,62,124,366,0.022058823529411766,0.051470588235294115,0.09558823529411764
福岡県,遠賀郡遠賀町,134,203.13432835820896,41,91,237,0.07462686567164178,0.11194029850746269,0.1791044776119403
長野県,上高井郡小布施町,134,49.73134328358209,12,32,64,0.17164179104477612,0.30597014925373134,0.4701492537313433
福岡県,みやま市,132,138.8181818181818,4,49,245,0.2878787878787879,0.3484848484848485,0.4318181818181818
広島県,安芸郡熊野町,131,86.38931297709924,21,53,125,0.1450381679389313,0.17557251908396945,0.3435114503816794
奈良県,北葛城郡広陵町,131,70.83206106870229,12,50,89,0.16030534351145037,0.2748091603053435,0.4122137404580153
鳥取県,西伯郡日吉津村,129,85.79069767441861,19,43,104,0.10077519379844961,0.17054263565891473,0.3798449612403101
山梨県,山梨市,129,190.7984496124031,33,69,145,0.10077519379844961,0.13178294573643412,0.2248062015503876
大阪府,南河内郡河南町,128,147.453125,34,71,186,0.09375,0.125,0.2109375
福岡県,うきは市,128,127.1015625,27,72,154,0.0546875,0.1171875,0.265625
福島県,喜多方市,128,82.4609375,27,49,112,0.1015625,0.1484375,0.2734375
奈良県,吉野郡大淀町,127,173.51968503937007,180,201,201,0.0,0.007874015748031496,0.031496062992125984
三重県,三重郡菰野町,127,86.06299212598425,25,53,103,0.047244094488188976,0.13385826771653545,0.3228346456692913
宮城県,宮城郡松島町,127,245.6535433070866,13,181,336,0.23622047244094488,0.25984251968503935,0.33070866141732286
北海道,亀田郡七飯町,127,1156.8818897637796,366,366,366,0.007874015748031496,0.007874015748031496,0.007874015748031496
熊本県,水俣市,126,85.12698412698413,21,57,114,0.12698412698412698,0.2222222222222222,0.35714285714285715
北海道,中川郡幕別町,124,204.5483870967742,50,121,217,0.04032258064516129,0.06451612903225806,0.14516129032258066
福岡県,豊前市,122,87.90983606557377,7,31,137,0.26229508196721313,0.28688524590163933,0.48360655737704916
富山県,黒部市,117,123.98290598290598,18,42,125,0.11965811965811966,0.19658119658119658,0.36752136752136755
福岡県,三井郡大刀洗町,117,83.15384615384616,23,54,105,0.11965811965811966,0.23076923076923078,0.3247863247863248
島根県,浜田市,117,53.598290598290596,5,14,33,0.3162393162393162,0.5213675213675214,0.7094017094017094
千葉県,匝瑳市,115,51.28695652173913,9,20,42,0.23478260869565218,0.3391304347826087,0.6434782608695652
佐賀県,三養基郡上峰町,114,197.10526315789474,69,136,293,0.017543859649122806,0.03508771929824561,0.07894736842105263
和歌山県,新宮市,114,188.92105263157896,18,48,218,0.10526315789473684,0.19298245614035087,0.35964912280701755
福島県,双葉郡浪江町,113,156.2566371681416,20,43,166,0.12389380530973451,0.20353982300884957,0.37168141592920356
京都府,与謝郡与謝野町,112,109.47321428571429,18,78,132,0.1875,0.22321428571428573,0.32142857142857145
神奈川県,足柄上郡中井町,112,162.67857142857142,21,64,165,0.11607142857142858,0.20535714285714285,0.3125
熊本県,人吉市,112,89.74107142857143,6,26,114,0.2857142857142857,0.375,0.5267857142857143
兵庫県,養父市,112,62.875,0,23,57,0.35714285714285715,0.4375,0.5625
愛知県,丹羽郡大口町,111,106.72072072072072,21,50,104,0.12612612612612611,0.18018018018018017,0.3063063063063063
兵庫県,南あわじ市,110,36.90909090909091,9,21,48,0.24545454545454545,0.4090909090909091,0.6363636363636364
宮城県,加美郡加美町,110,117.46363636363637,30,71,134,0.13636363636363635,0.15454545454545454,0.2636363636363636
福島県,岩瀬郡鏡石町,110,71.15454545454546,20,50,101,0.11818181818181818,0.18181818181818182,0.33636363636363636
群馬県,邑楽郡明和町,109,114.87155963302752,33,61,169,0.045871559633027525,0.11926605504587157,0.22935779816513763
大分県,由布市,109,164.8348623853211,69,160,174,0.045871559633027525,0.05504587155963303,0.09174311926605505
広島県,安芸郡坂町,107,50.299065420560744,9,29,68,0.19626168224299065,0.32710280373831774,0.5046728971962616
北海道,砂川市,106,109.58490566037736,25,59,119,0.08490566037735849,0.16037735849056603,0.29245283018867924
新潟県,魚沼市,105,59.72380952380952,8,21,66,0.23809523809523808,0.3619047619047619,0.5523809523809524
沖縄県,糸満市,105,54.904761904761905,20,35,75,0.0761904761904762,0.14285714285714285,0.4380952380952381
香川県,仲多度郡多度津町,104,84.52884615384616,26,47,79,0.0673076923076923,0.15384615384615385,0.3076923076923077
奈良県,生駒郡三郷町,104,80.65384615384616,18,45,100,0.16346153846153846,0.19230769230769232,0.375
埼玉県,児玉郡神川町,104,119.57692307692308,27,54,103,0.057692307692307696,0.09615384615384616,0.25961538461538464
千葉県,印旛郡栄町,104,236.67307692307693,48,140,294,0.038461538461538464,0.057692307692307696,0.16346153846153846
宮城県,宮城郡七ヶ浜町,103,82.1747572815534,22,55,131,0.1650485436893204,0.21359223300970873,0.33980582524271846
鹿児島県,指宿市,102,199.63725490196077,38,126,366,0.0784313725490196,0.12745098039215685,0.19607843137254902
沖縄県,島尻郡南風原町,102,100.90196078431373,26,74,138,0.08823529411764706,0.14705882352941177,0.27450980392156865
佐賀県,鹿島市,102,74.82352941176471,9,25,71,0.21568627450980393,0.3137254901960784,0.5784313725490197
山梨県,上野原市,102,56.92156862745098,5,15,57,0.3431372549019608,0.49019607843137253,0.5980392156862745
三重県,鳥羽市,99,62.121212121212125,12,12,12,0.0,0.7676767676767676,0.7777777777777778
三重県,いなべ市,98,55.66326530612245,14,32,52,0.19387755102040816,0.2653061224489796,0.4897959183673469
愛媛県,伊予郡砥部町,97,865.9381443298969,98,366,366,0.07216494845360824,0.08247422680412371,0.14432989690721648
岡山県,苫田郡鏡野町,96,33.75,8,19,34,0.22916666666666666,0.4479166666666667,0.71875
大分県,豊後大野市,95,187.34736842105264,40,97,366,0.0,0.06315789473684211,0.11578947368421053
京都府,久世郡久御山町,94,139.54255319148936,6,27,71,0.2765957446808511,0.3723404255319149,0.5425531914893617
埼玉県,児玉郡美里町,94,85.44680851063829,20,45,112,0.05319148936170213,0.1595744680851064,0.35106382978723405
秋田県,潟上市,94,131.38297872340425,24,52,145,0.10638297872340426,0.1702127659574468,0.32978723404255317
岐阜県,羽島郡笠松町,94,315.1808510638298,100,225,366,0.02127659574468085,0.031914893617021274,0.07446808510638298
山口県,美祢市,92,136.5326086956522,13,58,119,0.1956521739130435,0.2717391304347826,0.3695652173913043
富山県,小矢部市,92,157.94565217391303,28,71,187,0.021739130434782608,0.17391304347826086,0.25
岩手県,胆沢郡金ケ崎町,91,40.45054945054945,8,22,60,0.1978021978021978,0.38461538461538464,0.6043956043956044
千葉県,館山市,91,219.17582417582418,2,8,49,0.4945054945054945,0.5714285714285714,0.6703296703296703
福岡県,糟屋郡久山町,91,49.37362637362637,5,22,48,0.32967032967032966,0.43956043956043955,0.6043956043956044
埼玉県,比企郡鳩山町,90,121.67777777777778,10,25,77,0.2111111111111111,0.3333333333333333,0.5444444444444444
岡山県,久米郡美咲町,90,63.62222222222222,21,49,83,0.1111111111111111,0.2222222222222222,0.32222222222222224
青森県,黒石市,90,153.11111111111111,32,92,159,0.03333333333333333,0.1,0.2222222222222222
鹿児島県,鹿屋市,89,230.48314606741573,55,132,258,0.033707865168539325,0.0449438202247191,0.12359550561797752
佐賀県,三養基郡みやき町,88,75.04545454545455,23,40,101,0.056818181818181816,0.19318181818181818,0.3181818181818182
鳥取県,西伯郡南部町,87,62.333333333333336,15,41,84,0.13793103448275862,0.22988505747126436,0.3793103448275862
山口県,玖珂郡和木町,86,43.48837209302326,7,22,54,0.2558139534883721,0.29069767441860467,0.5930232558139535
神奈川県,足柄下郡箱根町,86,115.11627906976744,15,32,117,0.09302325581395349,0.23255813953488372,0.46511627906976744
茨城県,常陸太田市,85,73.5764705882353,27,51,102,0.058823529411764705,0.1411764705882353,0.2823529411764706
宮城県,遠田郡涌谷町,85,74.0,2,23,106,0.43529411764705883,0.4470588235294118,0.5529411764705883
北海道,河西郡芽室町,85,159.7764705882353,48,110,230,0.03529411764705882,0.047058823529411764,0.12941176470588237
兵庫県,多可郡多可町,84,88.73809523809524,11,46,113,0.21428571428571427,0.2976190476190476,0.39285714285714285
山形県,上山市,82,83.40243902439025,13,48,102,0.24390243902439024,0.25609756097560976,0.3902439024390244
奈良県,北葛城郡河合町,81,97.1604938271605,27,56,124,0.08641975308641975,0.1728395061728395,0.2839506172839506
静岡県,熱海市,81,278.65432098765433,38,73,366,0.037037037037037035,0.1111111111111111,0.2222222222222222
宮崎県,小林市,81,570.2222222222222,43,366,366,0.08641975308641975,0.13580246913580246,0.19753086419753085
岩手県,宮古市,81,102.66666666666667,16,54,157,0.18518518518518517,0.24691358024691357,0.37037037037037035
北海道,深川市,80,236.8875,29,78,164,0.0875,0.15,0.2625
千葉県,山武郡芝山町,80,197.0875,137,152,152,0.0,0.0,0.0125
茨城県,東茨城郡茨城町,80,125.5625,22,56,127,0.075,0.1625,0.3375
岩手県,釜石市,79,122.41772151898734,31,50,125,0.05063291139240506,0.13924050632911392,0.24050632911392406
大分県,臼杵市,79,210.13924050632912,66,145,364,0.02531645569620253,0.06329113924050633,0.11392405063291139
岐阜県,山県市,79,113.67088607594937,27,63,134,0.08860759493670886,0.16455696202531644,0.26582278481012656
山形県,村山市,79,86.46835443037975,25,43,126,0.17721518987341772,0.22784810126582278,0.379746835443038
山口県,萩市,78,100.82051282051282,8,29,261,0.10256410256410256,0.358974358974359,0.5128205128205128
奈良県,宇陀市,77,82.2987012987013,35,65,105,0.09090909090909091,0.11688311688311688,0.23376623376623376
奈良県,北葛城郡上牧町,76,71.69736842105263,21,54,96,0.13157894736842105,0.14473684210526316,0.34210526315789475
香川県,木田郡三木町,75,172.41333333333333,23,59,134,0.10666666666666667,0.18666666666666668,0.3333333333333333
群馬県,邑楽郡板倉町,74,270.3243243243243,108,205,366,0.0,0.0,0.06756756756756757
茨城県,鉾田市,74,132.4189189189189,23,62,159,0.06756756756756757,0.12162162162162163,0.32432432432432434
高知県,四万十市,74,82.24324324324324,22,66,105,0.12162162162162163,0.16216216216216217,0.3108108108108108
宮崎県,えびの市,74,855.2972972972973,366,366,366,0.04054054054054054,0.05405405405405406,0.06756756756756757
長野県,大町市,74,33.21621621621622,7,21,41,0.2972972972972973,0.3783783783783784,0.6756756756756757
群馬県,北群馬郡榛東村,71,170.3661971830986,31,93,180,0.028169014084507043,0.09859154929577464,0.23943661971830985
香川県,東かがわ市,70,372.2857142857143,144,366,366,0.04285714285714286,0.1,0.15714285714285714
静岡県,周智郡森町,70,104.24285714285715,28,54,147,0.014285714285714285,0.14285714285714285,0.3
兵庫県,神崎郡神河町,69,98.69565217391305,12,40,155,0.21739130434782608,0.2753623188405797,0.4057971014492754
長崎県,雲仙市,68,76.45588235294117,7,30,70,0.25,0.38235294117647056,0.5
大分県,国東市,68,125.07352941176471,25,54,138,0.058823529411764705,0.10294117647058823,0.27941176470588236
長野県,上伊那郡南箕輪村,68,138.0441176470588,48,108,167,0.058823529411764705,0.07352941176470588,0.1323529411764706
埼玉県,秩父郡皆野町,68,37.955882352941174,6,13,54,0.35294117647058826,0.5147058823529411,0.6617647058823529
茨城県,結城郡八千代町,68,232.86764705882354,37,69,178,0.029411764705882353,0.07352941176470588,0.16176470588235295
和歌山県,有田郡有田川町,68,116.45588235294117,53,90,165,0.058823529411764705,0.10294117647058823,0.14705882352941177
佐賀県,嬉野市,67,96.0,31,59,135,0.08955223880597014,0.14925373134328357,0.23880597014925373
群馬県,甘楽郡甘楽町,67,57.32835820895522,11,21,55,0.208955223880597,0.34328358208955223,0.6119402985074627
長野県,上伊那郡辰野町,67,260.64179104477614,32,67,238,0.07462686567164178,0.11940298507462686,0.23880597014925373
福岡県,遠賀郡岡垣町,66,99.04545454545455,23,43,126,0.07575757575757576,0.16666666666666666,0.3333333333333333
徳島県,三好市,65,295.4153846153846,40,278,366,0.046153846153846156,0.09230769230769231,0.18461538461538463
福島県,西白河郡矢吹町,64,47.53125,9,29,60,0.1875,0.3125,0.53125
広島県,世羅郡世羅町,64,110.578125,112,112,112,0.125,0.125,0.125
鳥取県,西伯郡伯耆町,63,82.22222222222223,15,35,89,0.14285714285714285,0.23809523809523808,0.4444444444444444
三重県,員弁郡東員町,62,73.83870967741936,24,55,108,0.0967741935483871,0.1935483870967742,0.3064516129032258
長野県,北佐久郡御代田町,61,35.0655737704918,9,25,57,0.2459016393442623,0.3770491803278688,0.5901639344262295
兵庫県,淡路市,60,16.466666666666665,1,5,19,0.55,0.65,0.8166666666666667
奈良県,五條市,60,99.78333333333333,27,56,194,0.05,0.16666666666666666,0.31666666666666665
沖縄県,中頭郡読谷村,59,90.03389830508475,20,35,97,0.11864406779661017,0.1694915254237288,0.423728813559322
京都府,綴喜郡井手町,59,50.610169491525426,14,34,68,0.22033898305084745,0.2542372881355932,0.4067796610169492
鹿児島県,日置市,58,122.34482758620689,20,62,171,0.10344827586206896,0.1896551724137931,0.3620689655172414
宮崎県,児湯郡高鍋町,58,25.06896551724138,13,14,29,0.06896551724137931,0.603448275862069,0.7758620689655172
岐阜県,本巣郡北方町,57,112.40350877192982,16,37,119,0.14035087719298245,0.22807017543859648,0.45614035087719296
宮城県,亘理郡山元町,55,292.6,2,105,366,0.2909090909090909,0.2909090909090909,0.32727272727272727
千葉県,いすみ市,55,541.6727272727272,39,234,366,0.07272727272727272,0.16363636363636364,0.21818181818181817
福島県,田村市,54,76.94444444444444,31,46,75,0.09259259259259259,0.12962962962962962,0.24074074074074073
広島県,江田島市,54,89.33333333333333,19,46,133,0.07407407407407407,0.18518518518518517,0.3888888888888889
和歌山県,日高郡みなべ町,53,105.28301886792453,0,7,41,0.5094339622641509,0.5471698113207547,0.7169811320754716
北海道,名寄市,52,1747.8461538461538,366,366,366,0.019230769230769232,0.057692307692307696,0.07692307692307693
高知県,吾川郡いの町,52,121.5,48,90,164,0.07692307692307693,0.11538461538461539,0.15384615384615385
広島県,山県郡北広島町,52,106.71153846153847,37,86,147,0.09615384615384616,0.15384615384615385,0.21153846153846154
徳島県,名西郡石井町,51,237.2156862745098,26,68,146,0.0784313725490196,0.1568627450980392,0.29411764705882354
沖縄県,中頭郡西原町,51,58.78431372549019,18,52,90,0.0784313725490196,0.17647058823529413,0.39215686274509803
秋田県,湯沢市,51,269.5098039215686,17,52,159,0.0392156862745098,0.21568627450980393,0.3137254901960784
福井県,大飯郡高浜町,51,27.03921568627451,4,21,40,0.3137254901960784,0.43137254901960786,0.6666666666666666
静岡県,賀茂郡東伊豆町,49,250.91836734693877,41,93,283,0.10204081632653061,0.10204081632653061,0.20408163265306123
山口県,熊毛郡平生町,49,83.61224489795919,15,37,104,0.16326530612244897,0.24489795918367346,0.4489795918367347
新潟県,南蒲原郡田上町,49,202.87755102040816,23,98,257,0.08163265306122448,0.14285714285714285,0.30612244897959184
北海道,網走市,48,478.6875,33,160,366,0.125,0.125,0.22916666666666666
岡山県,浅口郡里庄町,48,296.2916666666667,15,69,169,0.1875,0.22916666666666666,0.3958333333333333
茨城県,東茨城郡大洗町,48,131.39583333333334,38,89,159,0.020833333333333332,0.0625,0.14583333333333334
大分県,玖珠郡玖珠町,47,59.61702127659574,11,36,77,0.0851063829787234,0.2978723404255319,0.425531914893617
福島県,東白川郡棚倉町,45,108.86666666666666,29,59,96,0.08888888888888889,0.13333333333333333,0.26666666666666666
福島県,双葉郡楢葉町,45,354.22222222222223,68,135,366,0.022222222222222223,0.08888888888888889,0.1111111111111111
愛媛県,喜多郡内子町,44,202.13636363636363,159,159,159,0.09090909090909091,0.11363636363636363,0.11363636363636363
長野県,上水内郡飯綱町,44,103.75,17,39,71,0.11363636363636363,0.20454545454545456,0.4772727272727273
宮城県,柴田郡村田町,44,58.34090909090909,11,38,80,0.20454545454545456,0.29545454545454547,0.3409090909090909
高知県,土佐市,44,142.79545454545453,26,70,168,0.06818181818181818,0.18181818181818182,0.2727272727272727
山梨県,南巨摩郡富士川町,43,137.37209302325581,40,73,147,0.046511627906976744,0.046511627906976744,0.16279069767441862
奈良県,高市郡高取町,43,224.13953488372093,185,278,278,0.0,0.0,0.06976744186046512
高知県,須崎市,43,196.51162790697674,75,75,75,0.0,0.023255813953488372,0.023255813953488372
奈良県,磯城郡川西町,42,83.69047619047619,41,64,111,0.047619047619047616,0.07142857142857142,0.23809523809523808
福島県,伊達郡桑折町,42,104.38095238095238,30,69,140,0.07142857142857142,0.14285714285714285,0.2619047619047619
山梨県,大月市,42,145.23809523809524,41,153,153,0.0,0.0,0.07142857142857142
新潟県,刈羽郡刈羽村,42,68.02380952380952,13,41,92,0.16666666666666666,0.2857142857142857,0.42857142857142855
群馬県,利根郡みなかみ町,42,203.9047619047619,76,223,272,0.0,0.047619047619047616,0.16666666666666666
徳島県,阿波市,41,589.829268292683,43,353,366,0.07317073170731707,0.07317073170731707,0.07317073170731707
滋賀県,蒲生郡竜王町,41,236.09756097560975,97,209,366,0.04878048780487805,0.14634146341463414,0.1951219512195122
宮城県,気仙沼市,40,147.325,17,41,92,0.175,0.225,0.4
岡山県,井原市,40,65.3,5,35,87,0.3,0.325,0.45
山形県,長井市,40,98.05,13,33,74,0.175,0.25,0.45
北海道,釧路郡釧路町,40,91.025,6,6,53,0.625,0.65,0.7
岐阜県,可児郡御嵩町,40,331.35,59,118,199,0.025,0.05,0.125
宮崎県,西都市,39,48.17948717948718,14,14,51,0.07692307692307693,0.5897435897435898,0.6153846153846154
青森県,上北郡おいらせ町,39,57.69230769230769,15,23,70,0.1282051282051282,0.20512820512820512,0.5641025641025641
熊本県,葦北郡芦北町,39,40.30769230769231,15,31,54,0.15384615384615385,0.23076923076923078,0.48717948717948717
和歌山県,西牟婁郡上富田町,38,174.42105263157896,8,25,79,0.21052631578947367,0.42105263157894735,0.5789473684210527
長崎県,北松浦郡佐々町,38,34.3421052631579,11,15,42,0.18421052631578946,0.47368421052631576,0.6578947368421053
兵庫県,佐用郡佐用町,37,52.513513513513516,20,35,82,0.05405405405405406,0.24324324324324326,0.43243243243243246
兵庫県,川辺郡猪名川町,37,125.05405405405405,44,80,154,0.05405405405405406,0.13513513513513514,0.1891891891891892
大阪府,泉南郡岬町,37,102.51351351351352,41,63,110,0.02702702702702703,0.10810810810810811,0.1891891891891892
大阪府,南河内郡太子町,36,167.5,18,66,185,0.16666666666666666,0.2222222222222222,0.3333333333333333
熊本県,上益城郡嘉島町,36,53.44444444444444,9,32,83,0.2222222222222222,0.3055555555555556,0.4444444444444444
熊本県,球磨郡あさぎり町,36,36.02777777777778,5,19,46,0.3611111111111111,0.4722222222222222,0.6111111111111112
鳥取県,八頭郡八頭町,36,156.88888888888889,41,83,299,0.1388888888888889,0.19444444444444445,0.2222222222222222
岐阜県,加茂郡坂祝町,35,185.9142857142857,76,129,277,0.02857142857142857,0.02857142857142857,0.05714285714285714
徳島県,美馬市,35,222.02857142857144,32,83,366,0.05714285714285714,0.08571428571428572,0.22857142857142856
栃木県,那須郡那珂川町,35,42.91428571428571,20,39,63,0.17142857142857143,0.2,0.45714285714285713
長崎県,島原市,35,41.114285714285714,12,33,49,0.17142857142857143,0.2571428571428571,0.45714285714285713
島根県,益田市,35,28.37142857142857,0,9,36,0.4857142857142857,0.5142857142857142,0.6571428571428571
栃木県,芳賀郡芳賀町,34,60.38235294117647,15,27,83,0.11764705882352941,0.23529411764705882,0.5588235294117647
和歌山県,有田郡湯浅町,33,123.39393939393939,67,92,181,0.06060606060606061,0.06060606060606061,0.09090909090909091
徳島県,板野郡上板町,33,183.36363636363637,63,156,190,0.030303030303030304,0.15151515151515152,0.18181818181818182
島根県,大田市,33,40.90909090909091,9,24,42,0.21212121212121213,0.42424242424242425,0.5757575757575758
宮城県,遠田郡美里町,32,59.875,2,34,76,0.375,0.40625,0.46875
大分県,豊後高田市,32,159.6875,17,41,150,0.125,0.21875,0.375
愛知県,知多郡美浜町,32,315.46875,49,116,328,0.0625,0.125,0.1875
秋田県,大館市,32,149.875,6,6,62,0.71875,0.71875,0.71875
山形県,東置賜郡高畠町,31,39.45161290322581,1,9,30,0.41935483870967744,0.6451612903225806,0.7741935483870968
沖縄県,中頭郡中城村,31,45.774193548387096,8,23,66,0.22580645161290322,0.3548387096774194,0.5806451612903226
福岡県,築上郡築上町,31,113.70967741935483,17,41,118,0.12903225806451613,0.22580645161290322,0.2903225806451613
宮崎県,児湯郡新富町,30,77.46666666666667,16,44,101,0.2,0.23333333333333334,0.43333333333333335
愛媛県,西予市,30,319.6666666666667,31,117,180,0.1,0.1,0.23333333333333334
和歌山県,伊都郡かつらぎ町,30,124.6,46,88,131,0.06666666666666667,0.1,0.16666666666666666
長崎県,東彼杵郡波佐見町,30,179.76666666666668,19,34,96,0.06666666666666667,0.2,0.3
岩手県,大船渡市,30,150.83333333333334,37,72,153,0.06666666666666667,0.06666666666666667,0.16666666666666666
福岡県,田川郡香春町,29,115.86206896551724,10,48,91,0.1724137931034483,0.3448275862068966,0.4827586206896552
茨城県,潮来市,29,767.4137931034483,366,366,366,0.0,0.0,0.0
神奈川県,足柄下郡真鶴町,29,464.13793103448273,28,79,366,0.10344827586206896,0.1724137931034483,0.27586206896551724
福島県,伊達郡川俣町,29,114.03448275862068,46,67,120,0.0,0.034482758620689655,0.20689655172413793
栃木県,芳賀郡益子町,29,160.68965517241378,39,106,149,0.034482758620689655,0.06896551724137931,0.20689655172413793
和歌山県,有田郡広川町,29,101.62068965517241,40,68,100,0.06896551724137931,0.1724137931034483,0.20689655172413793
岩手県,上閉伊郡大槌町,28,133.10714285714286,41,78,129,0.07142857142857142,0.07142857142857142,0.07142857142857142
福井県,あわら市,28,141.5,13,61,226,0.14285714285714285,0.25,0.35714285714285715
大分県,津久見市,28,317.0,145,251,366,0.07142857142857142,0.10714285714285714,0.10714285714285714
茨城県,稲敷市,28,322.60714285714283,39,159,240,0.0,0.07142857142857142,0.17857142857142858
熊本県,玉名郡長洲町,28,55.535714285714285,10,22,53,0.10714285714285714,0.39285714285714285,0.5357142857142857
沖縄県,中頭郡北中城村,28,82.67857142857143,12,40,99,0.17857142857142858,0.2857142857142857,0.39285714285714285
群馬県,邑楽郡千代田町,28,63.964285714285715,17,28,84,0.10714285714285714,0.17857142857142858,0.5357142857142857
広島県,安芸高田市,28,84.14285714285714,24,44,137,0.14285714285714285,0.21428571428571427,0.35714285714285715
宮崎県,東臼杵郡門川町,27,173.25925925925927,22,50,111,0.07407407407407407,0.18518518518518517,0.4074074074074074
福岡県,築上郡吉富町,27,121.22222222222223,32,84,138,0.0,0.07407407407407407,0.2222222222222222
山口県,長門市,27,256.55555555555554,69,69,73,0.07407407407407407,0.07407407407407407,0.1111111111111111
三重県,多気郡明和町,27,257.1111111111111,71,181,278,0.0,0.0,0.07407407407407407
長野県,下伊那郡松川町,26,59.46153846153846,27,41,83,0.15384615384615385,0.15384615384615385,0.2692307692307692
長野県,下伊那郡高森町,26,74.38461538461539,27,52,111,0.07692307692307693,0.23076923076923078,0.2692307692307692
千葉県,山武郡九十九里町,25,538.88,261,306,366,0.0,0.0,0.04
長野県,下伊那郡阿智村,25,52.68,12,28,79,0.2,0.32,0.52
山梨県,西八代郡市川三郷町,25,230.28,69,173,366,0.0,0.0,0.08
高知県,安芸市,25,98.96,20,54,107,0.12,0.2,0.32
鹿児島県,垂水市,24,106.79166666666667,76,84,155,0.041666666666666664,0.041666666666666664,0.125
岐阜県,安八郡安八町,24,84.0,38,83,102,0.125,0.125,0.20833333333333334
富山県,南砺市,24,917.1666666666666,185,366,366,0.0,0.0,0.08333333333333333
愛知県,知多郡南知多町,23,214.17391304347825,60,223,329,0.043478260869565216,0.13043478260869565,0.17391304347826086
徳島県,美馬郡つるぎ町,23,379.82608695652175,366,366,366,0.0,0.0,0.0
埼玉県,比企郡ときがわ町,23,318.6521739130435,6,35,366,0.30434782608695654,0.30434782608695654,0.391304347826087
佐賀県,杵島郡江北町,23,159.95652173913044,15,34,249,0.17391304347826086,0.21739130434782608,0.43478260869565216
徳島県,板野郡板野町,22,303.90909090909093,172,300,366,0.0,0.0,0.045454545454545456
高知県,高岡郡佐川町,22,71.18181818181819,75,75,75,0.0,0.0,0.0
宮崎県,北諸県郡三股町,22,433.8636363636364,46,96,366,0.09090909090909091,0.09090909090909091,0.18181818181818182
長野県,東筑摩郡山形村,22,79.45454545454545,32,59,106,0.09090909090909091,0.09090909090909091,0.18181818181818182
香川県,綾歌郡綾川町,22,131.45454545454547,5,12,72,0.2727272727272727,0.5,0.5454545454545454
福島県,伊達郡国見町,22,67.9090909090909,26,39,107,0.18181818181818182,0.18181818181818182,0.3181818181818182
大分県,竹田市,22,179.3181818181818,29,44,115,0.0,0.09090909090909091,0.3181818181818182
奈良県,生駒郡平群町,22,108.04545454545455,27,72,157,0.18181818181818182,0.18181818181818182,0.2727272727272727
島根県,江津市,21,706.2857142857143,30,145,366,0.14285714285714285,0.14285714285714285,0.2857142857142857
山形県,西村山郡河北町,21,103.66666666666667,52,78,107,0.0,0.0,0.09523809523809523
愛媛県,八幡浜市,21,234.04761904761904,102,159,159,0.047619047619047616,0.047619047619047616,0.19047619047619047
秋田県,男鹿市,21,327.7142857142857,256,256,256,0.0,0.047619047619047616,0.047619047619047616
岐阜県,不破郡垂井町,21,177.52380952380952,41,92,182,0.14285714285714285,0.14285714285714285,0.19047619047619047
新潟県,西蒲原郡弥彦村,21,196.71428571428572,19,38,358,0.14285714285714285,0.23809523809523808,0.38095238095238093
香川県,仲多度郡琴平町,21,176.23809523809524,104,152,256,0.0,0.047619047619047616,0.09523809523809523
福岡県,田川郡川崎町,20,282.1,88,159,366,0.0,0.0,0.0
沖縄県,南城市,20,51.85,21,46,61,0.15,0.2,0.25
岩手県,二戸市,20,178.4,64,72,78,0.0,0.0,0.05
愛知県,愛西市,20,100.15,46,55,103,0.0,0.0,0.05
福島県,双葉郡広野町,20,547.3,182,366,366,0.0,0.0,0.0
鳥取県,西伯郡大山町,19,258.42105263157896,6,17,54,0.3157894736842105,0.42105263157894735,0.6842105263157895
宮崎県,東諸県郡綾町,19,124.63157894736842,19,25,261,0.10526315789473684,0.21052631578947367,0.631578947368421
宮崎県,東諸県郡国富町,18,140.83333333333334,18,109,265,0.05555555555555555,0.2222222222222222,0.2777777777777778
沖縄県,島尻郡八重瀬町,18,124.0,31,54,174,0.0,0.05555555555555555,0.2222222222222222
奈良県,生駒郡安堵町,18,87.22222222222223,21,28,68,0.05555555555555555,0.16666666666666666,0.5555555555555556
福岡県,遠賀郡芦屋町,18,128.66666666666666,48,84,192,0.0,0.0,0.16666666666666666
鹿児島県,いちき串木野市,18,201.61111111111111,160,160,160,0.0,0.0,0.0
岐阜県,本巣市,18,212.88888888888889,74,193,300,0.0,0.0,0.1111111111111111
熊本県,天草市,18,30.166666666666668,10,21,47,0.2222222222222222,0.3333333333333333,0.6666666666666666
鳥取県,東伯郡三朝町,17,158.52941176470588,110,110,110,0.0,0.0,0.058823529411764705
栃木県,芳賀郡茂木町,17,500.88235294117646,75,148,313,0.0,0.0,0.0
山梨県,甲州市,17,151.2941176470588,32,54,138,0.0,0.0,0.23529411764705882
奈良県,磯城郡三宅町,17,40.0,20,26,31,0.17647058823529413,0.23529411764705882,0.7058823529411765
茨城県,猿島郡五霞町,17,233.94117647058823,52,159,164,0.0,0.0,0.17647058823529413
京都府,綴喜郡宇治田原町,16,26.0,0,9,26,0.3125,0.625,0.875
千葉県,長生郡長生村,16,286.625,3,88,226,0.3125,0.3125,0.375
千葉県,長生郡白子町,16,167.125,7,27,85,0.25,0.3125,0.5
神奈川県,足柄上郡山北町,16,102.3125,35,89,114,0.0,0.125,0.125
鹿児島県,南さつま市,16,73.0625,24,45,87,0.0625,0.0625,0.3125
岐阜県,養老郡養老町,15,231.2,64,152,366,0.0,0.0,0.06666666666666667
三重県,志摩市,15,291.0,63,111,279,0.0,0.0,0.06666666666666667
愛媛県,南宇和郡愛南町,15,84.6,15,28,154,0.13333333333333333,0.2,0.5333333333333333
青森県,三戸郡南部町,15,200.26666666666668,19,47,88,0.06666666666666667,0.13333333333333333,0.26666666666666666
北海道,夕張郡長沼町,15,1660.6,366,366,366,0.0,0.0,0.0
鳥取県,日野郡日野町,15,21.2,13,20,20,0.13333333333333333,0.3333333333333333,0.9333333333333333
北海道,士別市,15,1478.2,320,366,366,0.06666666666666667,0.06666666666666667,0.06666666666666667
秋田県,南秋田郡五城目町,15,309.8,48,176,366,0.06666666666666667,0.06666666666666667,0.13333333333333333
群馬県,吾妻郡中之条町,14,463.85714285714283,278,348,366,0.0,0.07142857142857142,0.07142857142857142
茨城県,稲敷郡美浦村,14,331.92857142857144,31,117,366,0.14285714285714285,0.14285714285714285,0.21428571428571427
佐賀県,多久市,14,113.07142857142857,31,75,87,0.0,0.07142857142857142,0.14285714285714285
和歌山県,東牟婁郡那智勝浦町,14,851.7142857142857,117,258,366,0.0,0.0,0.0
長野県,上伊那郡宮田村,13,93.53846153846153,31,62,113,0.0,0.0,0.23076923076923078
福岡県,嘉穂郡桂川町,13,265.46153846153845,131,286,366,0.0,0.0,0.07692307692307693
富山県,中新川郡立山町,13,582.2307692307693,195,366,366,0.07692307692307693,0.07692307692307693,0.07692307692307693
北海道,富良野市,13,739.3846153846154,145,366,366,0.07692307692307693,0.07692307692307693,0.07692307692307693
愛媛県,上浮穴郡久万高原町,13,916.3076923076923,366,366,366,0.0,0.0,0.0
熊本県,阿蘇市,13,73.38461538461539,45,55,102,0.0,0.07692307692307693,0.15384615384615385
福岡県,田川郡福智町,13,510.2307692307692,107,155,366,0.0,0.0,0.07692307692307693
岐阜県,下呂市,13,568.3846153846154,264,366,366,0.0,0.0,0.07692307692307693
鹿児島県,志布志市,12,173.83333333333334,49,85,273,0.0,0.0,0.0
長崎県,東彼杵郡川棚町,12,342.75,180,366,366,0.0,0.0,0.0
北海道,空知郡上富良野町,12,665.4166666666666,201,366,366,0.0,0.0,0.0
青森県,三戸郡五戸町,12,100.91666666666667,16,31,64,0.16666666666666666,0.16666666666666666,0.4166666666666667
三重県,度会郡玉城町,12,144.08333333333334,55,96,215,0.08333333333333333,0.16666666666666666,0.16666666666666666
岡山県,和気郡和気町,12,233.25,277,277,277,0.0,0.08333333333333333,0.16666666666666666
鹿児島県,阿久根市,12,49.916666666666664,17,35,53,0.0,0.0,0.4166666666666667
熊本県,玉名郡南関町,12,94.66666666666667,37,76,148,0.08333333333333333,0.08333333333333333,0.16666666666666666
青森県,むつ市,12,1006.5833333333334,366,366,366,0.0,0.0,0.16666666666666666
香川県,小豆郡土庄町,12,26.333333333333332,7,23,27,0.25,0.3333333333333333,0.75
広島県,神石郡神石高原町,12,28.083333333333332,14,14,23,0.16666666666666666,0.5833333333333334,0.75
宮城県,黒川郡大衡村,12,30.75,17,17,33,0.16666666666666666,0.16666666666666666,0.5833333333333334
秋田県,鹿角市,11,434.0,344,366,366,0.0,0.0,0.0
三重県,多気郡多気町,11,178.8181818181818,115,147,179,0.0,0.0,0.18181818181818182
栃木県,那須烏山市,11,483.72727272727275,233,366,366,0.0,0.09090909090909091,0.18181818181818182
長野県,上伊那郡飯島町,11,56.45454545454545,26,35,108,0.09090909090909091,0.09090909090909091,0.45454545454545453
千葉県,山武郡横芝光町,11,362.8181818181818,11,126,366,0.0,0.2727272727272727,0.2727272727272727
岐阜県,安八郡神戸町,11,92.63636363636364,28,35,178,0.0,0.0,0.2727272727272727
北海道,稚内市,11,1043.2727272727273,169,366,366,0.09090909090909091,0.09090909090909091,0.09090909090909091
熊本県,球磨郡錦町,11,49.63636363636363,11,21,67,0.09090909090909091,0.45454545454545453,0.5454545454545454
岩手県,遠野市,11,257.54545454545456,43,327,366,0.0,0.09090909090909091,0.18181818181818182
岐阜県,加茂郡川辺町,11,317.54545454545456,76,124,366,0.0,0.0,0.0
富山県,氷見市,10,1388.5,366,366,366,0.0,0.0,0.0
千葉県,鴨川市,10,34.8,25,25,27,0.1,0.2,0.8
和歌山県,日高郡美浜町,10,1761.3,366,366,366,0.0,0.0,0.0
茨城県,行方市,10,493.8,219,366,366,0.1,0.2,0.2
山口県,熊毛郡田布施町,10,70.9,18,41,137,0.2,0.2,0.4
鳥取県,東伯郡湯梨浜町,10,22.3,6,6,33,0.6,0.6,0.7
北海道,石狩郡当別町,10,215.6,25,150,196,0.0,0.0,0.3
長野県,木曽郡南木曽町,10,64.9,34,43,96,0.0,0.1,0.2
高知県,長岡郡大豊町,10,75.0,75,75,75,0.0,0.0,0.0
佐賀県,西松浦郡有田町,10,226.8,29,80,261,0.0,0.1,0.3
山形県,南陽市,10,42.9,21,27,61,0.0,0.1,0.5
山梨県,北杜市,10,262.5,41,60,157,0.0,0.0,0.0
高知県,室戸市,10,477.8,0,3,366,0.5,0.5,0.5
佐賀県,杵島郡白石町,9,172.33333333333334,66,153,224,0.0,0.0,0.0
秋田県,仙北市,9,430.44444444444446,0,9,54,0.3333333333333333,0.6666666666666666,0.6666666666666666
長野県,北安曇郡松川村,9,130.44444444444446,9,59,205,0.1111111111111111,0.4444444444444444,0.4444444444444444
島根県,雲南市,9,81.88888888888889,3,9,25,0.4444444444444444,0.5555555555555556,0.7777777777777778
北海道,空知郡南幌町,9,2008.0,366,366,366,0.0,0.0,0.0
岡山県,久米郡久米南町,9,85.33333333333333,16,28,45,0.1111111111111111,0.2222222222222222,0.5555555555555556
福島県,田村郡小野町,9,52.333333333333336,14,59,76,0.2222222222222222,0.3333333333333333,0.3333333333333333
福島県,双葉郡大熊町,9,179.33333333333334,75,159,270,0.0,0.0,0.0
徳島県,海部郡美波町,9,30.666666666666668,3,15,15,0.3333333333333333,0.4444444444444444,0.8888888888888888
長野県,北佐久郡軽井沢町,9,441.55555555555554,295,366,366,0.0,0.0,0.0
岩手県,二戸郡一戸町,9,77.55555555555556,76,76,78,0.0,0.0,0.0
青森県,三戸郡三戸町,9,33.55555555555556,19,30,58,0.2222222222222222,0.2222222222222222,0.5555555555555556
北海道,余市郡余市町,9,662.3333333333334,167,366,366,0.0,0.0,0.0
岩手県,岩手郡岩手町,8,76.5,76,76,76,0.0,0.0,0.0
沖縄県,島尻郡与那原町,8,67.375,13,60,73,0.0,0.25,0.25
奈良県,吉野郡吉野町,8,222.0,75,278,278,0.0,0.0,0.0
茨城県,東茨城郡城里町,8,363.75,35,178,366,0.0,0.0,0.0
北海道,斜里郡斜里町,8,423.125,20,223,366,0.125,0.125,0.25
千葉県,香取郡多古町,8,560.75,20,46,366,0.125,0.125,0.25
徳島県,三好郡東みよし町,8,105.375,21,91,169,0.125,0.125,0.25
鹿児島県,曽於市,8,129.375,69,160,160,0.125,0.125,0.125
青森県,上北郡六ヶ所村,8,33.75,11,14,49,0.125,0.5,0.5
熊本県,上益城郡御船町,8,159.375,13,103,161,0.0,0.25,0.25
北海道,茅部郡森町,8,1119.125,166,366,366,0.0,0.0,0.0
北海道,三笠市,8,277.0,136,136,366,0.0,0.0,0.0
岩手県,西磐井郡平泉町,7,62.57142857142857,6,22,89,0.2857142857142857,0.42857142857142855,0.7142857142857143
千葉県,夷隅郡御宿町,7,387.42857142857144,48,181,253,0.0,0.0,0.0
岩手県,九戸郡軽米町,7,593.1428571428571,17,121,366,0.14285714285714285,0.14285714285714285,0.2857142857142857
鹿児島県,肝属郡錦江町,7,69.57142857142857,43,55,70,0.0,0.0,0.14285714285714285
大阪府,豊能郡能勢町,7,449.0,47,79,366,0.14285714285714285,0.14285714285714285,0.14285714285714285
青森県,北津軽郡中泊町,7,1531.857142857143,366,366,366,0.0,0.0,0.0
福岡県,田川郡添田町,7,116.14285714285714,38,123,188,0.0,0.0,0.0
茨城県,稲敷郡河内町,7,685.5714285714286,13,366,366,0.0,0.42857142857142855,0.42857142857142855
岡山県,小田郡矢掛町,7,239.85714285714286,103,174,240,0.14285714285714285,0.14285714285714285,0.14285714285714285
茨城県,北相馬郡利根町,7,76.42857142857143,2,50,99,0.2857142857142857,0.2857142857142857,0.42857142857142855
北海道,網走郡大空町,7,595.4285714285714,53,123,366,0.0,0.0,0.0
新潟県,南魚沼郡湯沢町,7,623.2857142857143,189,366,366,0.0,0.0,0.0
北海道,目梨郡羅臼町,7,1913.2857142857142,366,366,366,0.0,0.0,0.0
徳島県,海部郡海陽町,7,53.42857142857143,28,33,71,0.0,0.0,0.42857142857142855
和歌山県,西牟婁郡白浜町,7,138.57142857142858,5,45,366,0.2857142857142857,0.42857142857142855,0.42857142857142855
和歌山県,日高郡日高町,7,940.2857142857143,63,366,366,0.0,0.0,0.0
千葉県,香取郡神崎町,7,445.7142857142857,125,366,366,0.0,0.0,0.0
山形県,最上郡最上町,6,720.5,349,349,366,0.0,0.0,0.0
富山県,下新川郡入善町,6,423.5,60,96,366,0.0,0.0,0.0
香川県,小豆郡小豆島町,6,83.66666666666667,24,43,150,0.0,0.0,0.3333333333333333
兵庫県,美方郡香美町,6,43.5,14,23,85,0.0,0.3333333333333333,0.5
北海道,芦別市,6,107.66666666666667,39,40,176,0.0,0.16666666666666666,0.16666666666666666
奈良県,吉野郡下市町,6,144.66666666666666,156,159,159,0.0,0.0,0.0
熊本県,上益城郡甲佐町,6,316.3333333333333,84,217,366,0.0,0.0,0.0
福島県,西白河郡中島村,6,59.833333333333336,14,71,79,0.16666666666666666,0.3333333333333333,0.3333333333333333
北海道,空知郡奈井江町,6,62.5,7,49,97,0.3333333333333333,0.3333333333333333,0.3333333333333333
岩手県,久慈市,6,305.0,336,337,337,0.16666666666666666,0.16666666666666666,0.16666666666666666
秋田県,南秋田郡八郎潟町,6,215.0,69,158,341,0.0,0.0,0.0
鹿児島県,奄美市,6,497.6666666666667,105,366,366,0.0,0.0,0.16666666666666666
石川県,輪島市,6,154.5,23,38,60,0.0,0.16666666666666666,0.3333333333333333
福井県,丹生郡越前町,6,493.6666666666667,5,37,366,0.3333333333333333,0.3333333333333333,0.3333333333333333
長野県,上水内郡信濃町,6,219.83333333333334,14,15,88,0.16666666666666666,0.3333333333333333,0.6666666666666666
青森県,西津軽郡鰺ヶ沢町,6,801.3333333333334,366,366,366,0.0,0.0,0.0
千葉県,勝浦市,6,42.166666666666664,2,3,72,0.5,0.5,0.6666666666666666
埼玉県,秩父郡長瀞町,6,362.1666666666667,27,56,366,0.16666666666666666,0.16666666666666666,0.3333333333333333
熊本県,玉名郡玉東町,6,205.16666666666666,167,216,265,0.0,0.0,0.0
秋田県,北秋田市,6,818.5,366,366,366,0.0,0.0,0.0
山形県,東田川郡三川町,6,54.5,11,55,87,0.16666666666666666,0.3333333333333333,0.3333333333333333
宮崎県,児湯郡川南町,6,19.0,10,13,14,0.16666666666666666,0.8333333333333334,0.8333333333333334
和歌山県,日高郡由良町,6,1408.3333333333333,366,366,366,0.16666666666666666,0.16666666666666666,0.16666666666666666
長野県,木曽郡木曽町,5,386.8,4,55,366,0.4,0.4,0.4
千葉県,長生郡長南町,5,52.2,37,57,72,0.0,0.0,0.2
北海道,上川郡清水町,5,73.8,40,96,96,0.0,0.0,0.0
北海道,常呂郡佐呂間町,5,115.6,87,125,125,0.0,0.0,0.0
山梨県,南都留郡西桂町,5,240.6,194,254,271,0.0,0.0,0.0
鳥取県,東伯郡琴浦町,5,445.2,341,366,366,0.0,0.0,0.0
北海道,留萌市,5,53.0,24,24,46,0.2,0.2,0.6
熊本県,八代郡氷川町,5,70.6,15,24,132,0.0,0.2,0.6
静岡県,下田市,5,145.2,2,3,33,0.6,0.6,0.6
長崎県,対馬市,5,962.4,320,366,366,0.0,0.0,0.0
岐阜県,加茂郡白川町,5,639.2,366,366,366,0.0,0.0,0.0
大阪府,南河内郡千早赤阪村,5,399.4,38,62,138,0.0,0.0,0.2
鳥取県,岩美郡岩美町,5,44.0,2,27,89,0.4,0.4,0.6
岐阜県,揖斐郡池田町,5,493.2,63,124,240,0.0,0.0,0.0
岐阜県,加茂郡富加町,5,157.0,71,76,116,0.0,0.0,0.0
北海道,上川郡当麻町,5,1753.0,366,366,366,0.0,0.0,0.0
長野県,下伊那郡喬木村,5,115.8,63,71,80,0.0,0.0,0.0
青森県,つがる市,5,732.8,163,366,366,0.2,0.2,0.2
青森県,南津軽郡田舎館村,5,59.8,21,69,70,0.2,0.2,0.4
鳥取県,東伯郡北栄町,5,170.0,6,13,169,0.4,0.6,0.6
長野県,北安曇郡池田町,4,71.25,46,52,57,0.0,0.0,0.0
北海道,勇払郡安平町,4,629.5,84,366,366,0.0,0.0,0.0
山口県,大島郡周防大島町,4,141.25,6,6,264,0.5,0.5,0.5
徳島県,那賀郡那賀町,4,49.25,32,35,42,0.0,0.0,0.0
福島県,石川郡古殿町,4,43.0,4,7,70,0.5,0.5,0.5
和歌山県,伊都郡高野町,4,323.75,6,27,358,0.25,0.25,0.5
滋賀県,犬上郡多賀町,4,532.5,100,366,366,0.0,0.0,0.0
北海道,爾志郡乙部町,4,1010.5,366,366,366,0.0,0.0,0.0
愛媛県,北宇和郡鬼北町,4,337.0,5,283,366,0.25,0.25,0.25
福岡県,鞍手郡鞍手町,4,54.75,9,52,70,0.0,0.25,0.25
山形県,東村山郡中山町,4,70.75,19,52,62,0.0,0.0,0.25
北海道,勇払郡占冠村,4,418.0,366,366,366,0.0,0.0,0.0
岡山県,勝田郡奈義町,4,40.25,3,14,38,0.25,0.5,0.5
長野県,諏訪郡原村,4,43.25,30,40,49,0.0,0.0,0.25
三重県,度会郡南伊勢町,4,699.5,366,366,366,0.0,0.0,0.0
和歌山県,日高郡日高川町,4,2008.0,366,366,366,0.0,0.0,0.0
三重県,多気郡大台町,4,77.75,1,74,111,0.25,0.25,0.25
高知県,高岡郡日高村,4,75.0,75,75,75,0.0,0.0,0.0
長崎県,東彼杵郡東彼杵町,4,224.75,83,160,307,0.0,0.0,0.0
熊本県,下益城郡美里町,3,40.666666666666664,12,43,67,0.0,0.3333333333333333,0.3333333333333333
岡山県,新見市,3,703.3333333333334,45,366,366,0.0,0.0,0.0
高知県,宿毛市,3,315.6666666666667,49,203,366,0.0,0.0,0.0
福島県,河沼郡会津坂下町,3,9.333333333333334,2,9,17,0.3333333333333333,0.6666666666666666,1.0
岐阜県,不破郡関ケ原町,3,246.0,30,309,366,0.0,0.0,0.3333333333333333
石川県,羽咋郡志賀町,3,577.6666666666666,4,366,366,0.3333333333333333,0.3333333333333333,0.3333333333333333
山形県,東田川郡庄内町,3,814.6666666666666,122,366,366,0.0,0.0,0.0
山梨県,南都留郡道志村,3,884.0,366,366,366,0.0,0.0,0.0
福岡県,嘉麻市,3,854.0,200,366,366,0.0,0.0,0.0
三重県,南牟婁郡紀宝町,3,331.6666666666667,5,32,366,0.3333333333333333,0.3333333333333333,0.3333333333333333
北海道,檜山郡江差町,3,561.0,218,366,366,0.0,0.0,0.0
徳島県,海部郡牟岐町,3,603.6666666666666,263,366,366,0.0,0.0,0.0
高知県,土佐清水市,3,5.666666666666667,0,7,10,0.6666666666666666,1.0,1.0
秋田県,仙北郡美郷町,3,5.0,5,5,5,1.0,1.0,1.0
秋田県,雄勝郡羽後町,3,635.3333333333334,0,10,366,0.3333333333333333,0.6666666666666666,0.6666666666666666
長崎県,松浦市,3,714.0,147,366,366,0.0,0.0,0.0
北海道,川上郡弟子屈町,3,619.0,83,366,366,0.0,0.0,0.0
京都府,船井郡京丹波町,3,97.66666666666667,10,42,241,0.0,0.3333333333333333,0.3333333333333333
群馬県,吾妻郡草津町,3,144.66666666666666,23,96,315,0.0,0.0,0.3333333333333333
青森県,西津軽郡深浦町,3,1594.0,366,366,366,0.0,0.0,0.0
東京都,西多摩郡檜原村,3,1214.6666666666667,366,366,366,0.0,0.0,0.0
青森県,上北郡野辺地町,3,57.666666666666664,2,13,158,0.3333333333333333,0.6666666666666666,0.6666666666666666
福島県,石川郡玉川村,3,134.33333333333334,27,187,189,0.0,0.0,0.3333333333333333
山梨県,南巨摩郡身延町,3,507.0,173,366,366,0.0,0.0,0.0
長野県,木曽郡上松町,3,995.3333333333334,299,366,366,0.0,0.0,0.0
新潟県,佐渡市,3,837.3333333333334,366,366,366,0.0,0.0,0.0
岩手県,下閉伊郡山田町,3,254.0,14,350,366,0.0,0.3333333333333333,0.3333333333333333
宮城県,柴田郡川崎町,2,27.5,22,22,33,0.0,0.0,0.5
山梨県,南都留郡山中湖村,2,173.0,34,34,312,0.0,0.0,0.0
熊本県,玉名郡和水町,2,54.0,16,16,92,0.0,0.0,0.5
徳島県,勝浦郡勝浦町,2,19.0,5,5,33,0.5,0.5,0.5
長野県,木曽郡大桑村,2,55.5,40,40,71,0.0,0.0,0.0
岩手県,岩手郡雫石町,2,221.5,92,92,351,0.0,0.0,0.0
青森県,平川市,2,617.5,145,145,366,0.0,0.0,0.0
鳥取県,八頭郡智頭町,2,490.5,139,139,366,0.0,0.0,0.0
群馬県,吾妻郡長野原町,2,819.0,366,366,366,0.0,0.0,0.0
香川県,仲多度郡まんのう町,2,230.5,23,23,366,0.0,0.0,0.5
長崎県,壱岐市,2,1003.5,137,137,366,0.0,0.0,0.0
岩手県,八幡平市,2,666.5,366,366,366,0.0,0.0,0.0
北海道,様似郡様似町,2,1527.5,366,366,366,0.0,0.0,0.0
宮城県,加美郡色麻町,2,93.0,2,2,184,0.5,0.5,0.5
宮城県,刈田郡蔵王町,2,29.5,11,11,48,0.0,0.5,0.5
北海道,紋別郡滝上町,2,1117.5,366,366,366,0.0,0.0,0.0
秋田県,山本郡三種町,2,1094.0,180,180,366,0.0,0.0,0.0
岐阜県,安八郡輪之内町,2,373.0,55,55,366,0.0,0.0,0.0
岐阜県,加茂郡七宗町,2,1050.5,93,93,366,0.0,0.0,0.0
千葉県,南房総市,2,136.0,97,97,175,0.0,0.0,0.0
富山県,下新川郡朝日町,2,243.5,202,202,285,0.0,0.0,0.0
三重県,北牟婁郡紀北町,2,1526.5,366,366,366,0.0,0.0,0.0
高知県,高岡郡四万十町,2,1285.0,366,366,366,0.0,0.0,0.0
宮崎県,西諸県郡高原町,2,183.5,137,137,230,0.0,0.0,0.0
北海道,樺戸郡新十津川町,2,88.0,81,81,95,0.0,0.0,0.0
北海道,美唄市,2,1035.5,366,366,366,0.0,0.0,0.0
鹿児島県,薩摩郡さつま町,2,1269.5,366,366,366,0.0,0.0,0.0
北海道,上川郡比布町,2,1989.5,366,366,366,0.0,0.0,0.0
北海道,網走郡美幌町,2,522.0,109,109,366,0.0,0.0,0.0
滋賀県,犬上郡甲良町,2,160.0,17,17,303,0.0,0.0,0.5
北海道,上川郡美瑛町,2,13.0,13,13,13,0.0,1.0,1.0
栃木県,塩谷郡塩谷町,2,436.0,366,366,366,0.0,0.0,0.0
福岡県,田川郡糸田町,2,357.0,235,235,366,0.0,0.0,0.0
岩手県,九戸郡九戸村,2,74.0,74,74,74,0.0,0.0,0.0
神奈川県,愛甲郡清川村,1,4.0,4,4,4,1.0,1.0,1.0
北海道,中川郡池田町,1,2008.0,366,366,366,0.0,0.0,0.0
北海道,上川郡愛別町,1,1703.0,366,366,366,0.0,0.0,0.0
北海道,二海郡八雲町,1,587.0,366,366,366,0.0,0.0,0.0
北海道,寿都郡寿都町,1,1983.0,366,366,366,0.0,0.0,0.0
高知県,幡多郡大月町,1,1905.0,366,366,366,0.0,0.0,0.0
北海道,幌泉郡えりも町,1,1983.0,366,366,366,0.0,0.0,0.0
北海道,留萌郡小平町,1,2008.0,366,366,366,0.0,0.0,0.0
北海道,枝幸郡中頓別町,1,2008.0,366,366,366,0.0,0.0,0.0
愛媛県,越智郡上島町,1,930.0,366,366,366,0.0,0.0,0.0
山形県,東村山郡山辺町,1,251.0,251,251,251,0.0,0.0,0.0
青森県,東津軽郡蓬田村,1,724.0,366,366,366,0.0,0.0,0.0
青森県,東津軽郡平内町,1,1734.0,366,366,366,0.0,0.0,0.0
青森県,下北郡風間浦村,1,1194.0,366,366,366,0.0,0.0,0.0
静岡県,賀茂郡松崎町,1,1739.0,366,366,366,0.0,0.0,0.0
長野県,下伊那郡豊丘村,1,83.0,83,83,83,0.0,0.0,0.0
秋田県,にかほ市,1,2.0,2,2,2,1.0,1.0,1.0
北海道,檜山郡上ノ国町,1,973.0,366,366,366,0.0,0.0,0.0
青森県,上北郡七戸町,1,426.0,366,366,366,0.0,0.0,0.0
長野県,東筑摩郡朝日村,1,151.0,151,151,151,0.0,0.0,0.0
青森県,上北郡東北町,1,118.0,118,118,118,0.0,0.0,0.0
北海道,瀬棚郡今金町,1,569.0,366,366,366,0.0,0.0,0.0
宮城県,伊具郡丸森町,1,145.0,145,145,145,0.0,0.0,0.0
岐阜県,海津市,1,68.0,68,68,68,0.0,0.0,0.0
北海道,上川郡東川町,1,97.0,97,97,97,0.0,0.0,0.0
富山県,中新川郡上市町,1,857.0,366,366,366,0.0,0.0,0.0
佐賀県,杵島郡大町町,1,325.0,325,325,325,0.0,0.0,0.0
北海道,松前郡松前町,1,1007.0,366,366,366,0.0,0.0,0.0
宮崎県,串間市,1,1997.0,366,366,366,0.0,0.0,0.0
静岡県,賀茂郡西伊豆町,1,106.0,106,106,106,0.0,0.0,0.0
福岡県,田川郡赤村,1,678.0,366,366,366,0.0,0.0,0.0
大阪府,豊能郡豊能町,1,138.0,138,138,138,0.0,0.0,0.0
福井県,大飯郡おおい町,1,845.0,366,366,366,0.0,0.0,0.0
静岡県,浜松市天竜区,1,115.0,115,115,115,0.0,0.0,0.0
高知県,安芸郡安田町,1,380.0,366,366,366,0.0,0.0,0.0
茨城県,久慈郡大子町,1,990.0,366,366,366,0.0,0.0,0.0
宮城県,黒川郡大郷町,1,61.0,61,61,61,0.0,0.0,0.0
栃木県,那須郡那須町,1,1099.0,366,366,366,0.0,0.0,0.0
石川県,鳳珠郡能登町,1,1099.0,366,366,366,0.0,0.0,0.0
青森県,上北郡六戸町,1,157.0,157,157,157,0.0,0.0,0.0
福島県,田村郡三春町,1,39.0,39,39,39,0.0,0.0,0.0
山形県,西置賜郡飯豊町,1,59.0,59,59,59,0.0,0.0,0.0
福井県,大野市,1,18.0,18,18,18,0.0,0.0,1.0
岩手県,九戸郡洋野町,1,305.0,305,305,305,0.0,0.0,0.0
北海道,中川郡美深町,1,12.0,12,12,12,0.0,1.0,1.0
鹿児島県,大島郡徳之島町,1,77.0,77,77,77,0.0,0.0,0.0
山梨県,南都留郡忍野村,1,78.0,78,78,78,0.0,0.0,0.0
北海道,白糠郡白糠町,1,39.0,39,39,39,0.0,0.0,0.0
北海道,根室市,1,215.0,215,215,215,0.0,0.0,0.0
千葉県,長生郡睦沢町,1,34.0,34,34,34,0.0,0.0,0.0
福島県,南会津郡下郷町,1,105.0,105,105,105,0.0,0.0,0.0
長野県,下高井郡木島平村,1,2008.0,366,366,366,0.0,0.0,0.0
長崎県,西海市,1,1816.0,366,366,366,0.0,0.0,0.0
群馬県,吾妻郡東吾妻町,1,1055.0,366,366,366,0.0,0.0,0.0
福島県,石川郡平田村,1,92.0,92,92,92,0.0,0.0,0.0
長野県,下水内郡栄村,1,443.0,366,366,366,0.0,0.0,0.0
和歌山県,東牟婁郡串本町,1,112.0,112,112,112,0.0,0.0,0.0
鹿児島県,曽於郡大崎町,1,262.0,262,262,262,0.0,0.0,0.0
奈良県,高市郡明日香村,1,42.0,42,42,42,0.0,0.0,0.0
北海道,檜山郡厚沢部町,1,1491.0,366,366,366,0.0,0.0,0.0
青森県,下北郡東通村,1,75.0,75,75,75,0.0,0.0,0.0
埼玉県,秩父郡横瀬町,1,3.0,3,3,3,1.0,1.0,1.0
島根県,鹿足郡津和野町,1,223.0,223,223,223,0.0,0.0,0.0
埼玉県,秩父郡小鹿野町,1,126.0,126,126,126,0.0,0.0,0.0
鳥取県,日野郡日南町,1,154.0,154,154,154,0.0,0.0,0.0
北海道,上川郡鷹栖町,1,92.0,92,92,92,0.0,0.0,0.0
山形県,飽海郡遊佐町,1,214.0,214,214,214,0.0,0.0,0.0
北海道,赤平市,1,2.0,2,2,2,1.0,1.0,1.0
三重県,尾鷲市,1,249.0,249,249,249,0.0,0.0,0.0
青森県,三戸郡田子町,1,972.0,366,366,366,0.0,0.0,0.0
北海道,歌志内市,1,1932.0,366,366,366,0.0,0.0,0.0
広島県,山県郡安芸太田町,1,6.0,6,6,6,1.0,1.0,1.0
沖縄県,宮古島市,1,13.0,13,13,13,0.0,1.0,1.0
岩手県,岩手郡葛巻町,1,1111.0,366,366,366,0.0,0.0,0.0
新潟県,東蒲原郡阿賀町,1,8.0,8,8,8,0.0,1.0,1.0
長野県,上伊那郡中川村,1,1781.0,366,366,366,0.0,0.0,0.0
長崎県,南島原市,1,1632.0,366,366,366,0.0,0.0,0.0
東京都,西多摩郡奥多摩町,1,1770.0,366,366,366,0.0,0.0,0.0
岐阜県,揖斐郡揖斐川町,1,130.0,130,130,130,0.0,0.0,0.0
青森県,南津軽郡藤崎町,1,845.0,366,366,366,0.0,0.0,0.0
青森県,南津軽郡大鰐町,1,1578.0,366,366,366,0.0,0.0,0.0
宮崎県,西臼杵郡高千穂町,1,6.0,6,6,6,1.0,1.0,1.0
鹿児島県,姶良郡湧水町,1,915.0,366,366,366,0.0,0.0,0.0
